application_id,user_id,application_start_date,user_type,employment_status,credit_score_band,device_type,loan_amount_requested,step_reached,application_completed,loan_approved,time_on_application_mins
APP-00001,USR-00999,2023-06-14,new_user,employed,excellent,desktop,47000,5,no,,10
APP-00002,USR-01096,2023-11-10,rejected_reapply,employed,good,mobile,8000,7,yes,yes,32
APP-00003,USR-00048,2023-01-21,new_user,self-employed,fair,mobile,26000,2,no,,14
APP-00004,USR-00942,2023-03-23,new_user,self-employed,fair,mobile,15000,0,no,,6
APP-00005,USR-00074,2023-05-11,new_user,employed,fair,mobile,1000,0,no,,6
APP-00006,USR-00403,2023-11-01,rejected_reapply,unemployed,good,desktop,28000,5,no,,20
APP-00007,USR-00240,2024-01-06,new_user,employed,fair,mobile,49000,1,no,,1
APP-00008,USR-00326,2024-01-19,new_user,employed,good,tablet,47000,5,no,,8
APP-00009,USR-00190,2024-03-20,new_user,unemployed,fair,tablet,46000,5,no,,36
APP-00010,USR-01602,2024-02-29,new_user,unemployed,excellent,mobile,14000,5,no,,6
APP-00011,USR-00568,2023-06-10,new_user,self-employed,poor,mobile,42000,7,yes,no,26
APP-00012,USR-01926,2023-06-27,new_user,unemployed,excellent,desktop,34000,5,no,,51
APP-00013,USR-00803,2024-05-04,new_user,employed,excellent,mobile,31000,4,no,,22
APP-00014,USR-00647,2023-11-23,rejected_reapply,unemployed,good,mobile,6000,5,no,,3
APP-00015,USR-01226,2023-10-16,abandoned_restart,employed,good,mobile,49000,7,yes,yes,26
APP-00016,USR-01779,2023-12-20,new_user,employed,good,mobile,5000,5,no,,39
APP-00017,USR-01015,2023-01-28,rejected_reapply,employed,good,desktop,31000,5,no,,33
APP-00018,USR-00912,2023-02-12,new_user,employed,fair,mobile,37000,5,no,,51
APP-00019,USR-00176,2024-02-27,new_user,employed,fair,mobile,15000,5,no,,48
APP-00020,USR-00486,2023-06-26,abandoned_restart,employed,good,tablet,15000,7,yes,yes,25
APP-00021,USR-00346,2024-06-12,rejected_reapply,employed,good,desktop,43000,7,yes,yes,20
APP-00022,USR-00587,2024-05-08,abandoned_restart,employed,good,mobile,5000,7,yes,no,20
APP-00023,USR-00271,2023-07-17,new_user,employed,fair,desktop,28000,5,no,,7
APP-00024,USR-00464,2024-05-31,rejected_reapply,employed,fair,mobile,33000,5,no,,3
APP-00025,USR-00394,2024-05-28,new_user,employed,poor,desktop,11000,0,no,,3
APP-00026,USR-01622,2023-01-22,rejected_reapply,self-employed,poor,mobile,43000,5,no,,31
APP-00027,USR-00379,2023-04-22,second_loan,unemployed,fair,mobile,6000,2,no,,18
APP-00028,USR-01450,2023-02-26,new_user,self-employed,poor,desktop,23000,2,no,,21
APP-00029,USR-00963,2023-03-07,abandoned_restart,employed,poor,mobile,40000,5,no,,37
APP-00030,USR-00423,2023-04-08,new_user,self-employed,excellent,tablet,2000,1,no,,6
APP-00031,USR-01457,2023-05-24,new_user,employed,poor,mobile,15000,4,no,,6
APP-00032,USR-00412,2024-03-10,new_user,employed,good,tablet,23000,3,no,,13
APP-00033,USR-00768,2023-03-27,new_user,employed,fair,tablet,22000,4,no,,6
APP-00034,USR-01897,2023-12-10,rejected_reapply,self-employed,excellent,mobile,9000,1,no,,4
APP-00035,USR-01052,2023-10-21,abandoned_restart,employed,good,desktop,47000,5,no,,33
APP-00036,USR-00610,2023-08-31,new_user,employed,fair,mobile,40000,7,yes,no,25
APP-00037,USR-01747,2023-02-01,rejected_reapply,employed,good,tablet,30000,7,yes,yes,25
APP-00038,USR-01421,2024-01-26,second_loan,unemployed,fair,mobile,16000,5,no,,8
APP-00039,USR-00813,2023-10-04,new_user,self-employed,good,desktop,46000,7,yes,yes,15
APP-00040,USR-00388,2024-06-15,second_loan,employed,poor,mobile,47000,1,no,,8
APP-00041,USR-00762,2023-06-03,new_user,employed,excellent,mobile,30000,5,no,,3
APP-00042,USR-00545,2024-01-18,rejected_reapply,employed,good,mobile,45000,5,no,,7
APP-00043,USR-01190,2023-03-09,new_user,self-employed,fair,mobile,9000,5,no,,46
APP-00044,USR-00081,2023-08-02,new_user,employed,good,desktop,1000,5,no,,46
APP-00045,USR-00660,2024-01-11,new_user,unemployed,fair,desktop,38000,1,no,,3
APP-00046,USR-00319,2023-08-01,abandoned_restart,employed,excellent,desktop,8000,2,no,,19
APP-00047,USR-00297,2023-03-20,new_user,self-employed,good,mobile,18000,1,no,,11
APP-00048,USR-00789,2024-01-16,new_user,employed,good,mobile,27000,5,no,,9
APP-00049,USR-00659,2023-02-27,new_user,employed,poor,mobile,18000,1,no,,3
APP-00050,USR-00860,2023-01-26,rejected_reapply,employed,excellent,desktop,32000,5,no,,35
APP-00051,USR-00340,2024-03-22,new_user,employed,good,tablet,49000,7,yes,yes,22
APP-00052,USR-01590,2023-03-07,new_user,employed,fair,mobile,32000,4,no,,9
APP-00053,USR-01186,2023-09-11,new_user,self-employed,poor,mobile,48000,3,no,,24
APP-00054,USR-00459,2023-02-13,new_user,employed,fair,mobile,45000,4,no,,41
APP-00055,USR-01609,2023-04-07,rejected_reapply,self-employed,excellent,desktop,36000,1,no,,2
APP-00056,USR-01534,2023-08-15,rejected_reapply,self-employed,fair,desktop,36000,1,no,,7
APP-00057,USR-01463,2024-03-11,new_user,employed,good,desktop,21000,7,yes,yes,22
APP-00058,USR-01898,2024-01-14,new_user,self-employed,poor,mobile,46000,5,no,,42
APP-00059,USR-00611,2023-06-27,abandoned_restart,self-employed,fair,desktop,32000,5,no,,34
APP-00060,USR-01074,2024-03-02,new_user,employed,good,desktop,31000,5,no,,8
APP-00061,USR-00179,2023-11-03,rejected_reapply,self-employed,excellent,mobile,37000,1,no,,7
APP-00062,USR-01265,2024-05-18,abandoned_restart,employed,good,mobile,16000,5,no,,7
APP-00063,USR-00123,2023-09-25,abandoned_restart,employed,excellent,mobile,46000,5,no,,11
APP-00064,USR-01012,2023-01-08,new_user,self-employed,good,mobile,46000,4,no,,37
APP-00065,USR-00861,2024-05-22,new_user,employed,poor,desktop,14000,4,no,,47
APP-00066,USR-00569,2024-04-20,second_loan,employed,fair,mobile,24000,5,no,,46
APP-00067,USR-01037,2023-10-24,new_user,employed,good,desktop,25000,5,no,,54
APP-00068,USR-00786,2023-06-13,abandoned_restart,self-employed,excellent,mobile,46000,7,yes,yes,16
APP-00069,USR-01531,2024-04-29,new_user,unemployed,excellent,mobile,35000,7,yes,yes,19
APP-00070,USR-00855,2023-03-13,abandoned_restart,employed,fair,mobile,17000,7,yes,no,14
APP-00071,USR-01712,2023-08-26,new_user,self-employed,fair,mobile,46000,7,yes,no,13
APP-00072,USR-00600,2023-04-14,new_user,unemployed,fair,mobile,42000,2,no,,13
APP-00073,USR-00322,2023-07-29,new_user,employed,excellent,mobile,45000,5,no,,28
APP-00074,USR-00841,2024-04-12,abandoned_restart,employed,excellent,mobile,4000,5,no,,9
APP-00075,USR-01787,2024-03-29,abandoned_restart,self-employed,good,mobile,11000,7,yes,yes,27
APP-00076,USR-01558,2023-09-25,new_user,self-employed,fair,mobile,47000,1,no,,1
APP-00077,USR-00246,2024-01-21,new_user,unemployed,good,mobile,15000,5,no,,28
APP-00078,USR-01207,2024-01-22,abandoned_restart,employed,good,mobile,30000,0,no,,5
APP-00079,USR-00299,2023-09-16,new_user,employed,fair,tablet,24000,7,yes,yes,17
APP-00080,USR-00190,2023-10-10,new_user,employed,good,mobile,2000,2,no,,5
APP-00081,USR-01338,2023-02-09,new_user,employed,poor,desktop,43000,0,no,,1
APP-00082,USR-01536,2024-04-30,new_user,employed,poor,mobile,34000,1,no,,7
APP-00083,USR-00507,2023-08-08,new_user,self-employed,excellent,desktop,23000,1,no,,2
APP-00084,USR-01386,2023-05-09,new_user,employed,good,mobile,31000,5,no,,28
APP-00085,USR-01274,2024-06-03,new_user,self-employed,good,tablet,37000,2,no,,22
APP-00086,USR-01033,2023-09-17,new_user,employed,good,mobile,13000,1,no,,4
APP-00087,USR-01799,2024-01-01,new_user,employed,fair,desktop,33000,7,yes,no,28
APP-00088,USR-01318,2024-06-27,new_user,employed,good,mobile,7000,5,no,,10
APP-00089,USR-01516,2024-06-07,new_user,employed,good,mobile,32000,5,no,,4
APP-00090,USR-01793,2023-01-16,rejected_reapply,employed,good,desktop,7000,5,no,,7
APP-00091,USR-00573,2023-05-09,new_user,student,good,mobile,42000,2,no,,15
APP-00092,USR-00880,2023-04-19,new_user,self-employed,fair,mobile,38000,1,no,,4
APP-00093,USR-01921,2024-06-16,new_user,employed,fair,mobile,44000,7,yes,no,18
APP-00094,USR-00420,2023-09-26,new_user,employed,good,desktop,13000,7,yes,yes,20
APP-00095,USR-01275,2023-06-11,new_user,unemployed,fair,tablet,24000,2,no,,20
APP-00096,USR-01001,2023-09-17,new_user,employed,good,mobile,28000,4,no,,26
APP-00097,USR-01360,2023-04-12,rejected_reapply,employed,fair,desktop,32000,7,yes,no,23
APP-00098,USR-00403,2024-05-20,new_user,employed,poor,mobile,43000,5,no,,5
APP-00099,USR-00129,2023-09-04,second_loan,unemployed,fair,mobile,18000,5,no,,48
APP-00100,USR-00033,2024-06-20,new_user,employed,excellent,tablet,34000,4,no,,44
APP-00101,USR-00628,2023-05-11,new_user,employed,fair,desktop,48000,7,yes,no,22
APP-00102,USR-01059,2023-12-19,new_user,unemployed,good,desktop,34000,7,yes,yes,18
APP-00103,USR-00472,2023-07-15,new_user,employed,good,mobile,38000,4,no,,3
APP-00104,USR-00338,2024-01-17,new_user,employed,poor,mobile,1000,2,no,,11
APP-00105,USR-01153,2023-08-15,abandoned_restart,employed,good,mobile,43000,5,no,,6
APP-00106,USR-01368,2024-04-20,new_user,unemployed,good,mobile,50000,3,no,,31
APP-00107,USR-00392,2024-04-21,rejected_reapply,employed,good,mobile,42000,3,no,,8
APP-00108,USR-00212,2023-09-22,rejected_reapply,student,excellent,desktop,31000,5,no,,35
APP-00109,USR-00104,2024-01-07,new_user,self-employed,fair,desktop,50000,5,no,,13
APP-00110,USR-00197,2024-04-30,new_user,employed,poor,mobile,1000,0,no,,2
APP-00111,USR-00094,2024-03-09,new_user,student,excellent,mobile,16000,1,no,,1
APP-00112,USR-00142,2023-07-30,new_user,employed,fair,desktop,39000,5,no,,36
APP-00113,USR-00045,2024-01-12,new_user,employed,good,mobile,15000,5,no,,7
APP-00114,USR-00457,2024-01-30,new_user,employed,good,desktop,33000,5,no,,3
APP-00115,USR-01707,2024-03-25,new_user,employed,fair,mobile,23000,5,no,,7
APP-00116,USR-00195,2023-12-30,new_user,employed,good,mobile,41000,5,no,,39
APP-00117,USR-01521,2024-04-01,second_loan,employed,poor,tablet,34000,7,yes,no,17
APP-00118,USR-00656,2023-08-14,abandoned_restart,employed,fair,mobile,17000,1,no,,2
APP-00119,USR-00051,2023-05-11,rejected_reapply,self-employed,poor,mobile,25000,1,no,,1
APP-00120,USR-00346,2024-04-20,new_user,employed,excellent,mobile,42000,5,no,,12
APP-00121,USR-01229,2023-10-04,new_user,student,fair,tablet,6000,2,no,,9
APP-00122,USR-01499,2023-06-05,new_user,employed,good,desktop,31000,7,yes,yes,25
APP-00123,USR-01062,2023-08-06,new_user,employed,excellent,mobile,5000,5,no,,7
APP-00124,USR-01533,2023-07-09,new_user,employed,good,mobile,40000,5,no,,5
APP-00125,USR-00557,2024-02-21,abandoned_restart,employed,good,desktop,40000,4,no,,9
APP-00126,USR-00453,2024-06-29,abandoned_restart,employed,good,mobile,30000,5,no,,34
APP-00127,USR-00161,2023-02-10,new_user,self-employed,fair,desktop,5000,5,no,,4
APP-00128,USR-00996,2023-11-03,new_user,unemployed,good,mobile,12000,7,yes,no,25
APP-00129,USR-00259,2023-12-04,new_user,student,good,mobile,7000,5,no,,57
APP-00130,USR-00480,2023-11-10,new_user,employed,excellent,desktop,45000,7,yes,yes,31
APP-00131,USR-01879,2023-03-16,new_user,unemployed,excellent,mobile,13000,2,no,,16
APP-00132,USR-00005,2023-10-06,new_user,employed,excellent,desktop,49000,5,no,,37
APP-00133,USR-00292,2023-06-25,new_user,employed,excellent,mobile,4000,0,no,,4
APP-00134,USR-00366,2023-09-30,second_loan,unemployed,good,mobile,50000,5,no,,7
APP-00135,USR-00802,2023-10-16,new_user,self-employed,good,tablet,42000,1,no,,7
APP-00136,USR-00555,2023-09-29,abandoned_restart,employed,excellent,mobile,3000,5,no,,45
APP-00137,USR-00411,2023-03-07,new_user,employed,fair,desktop,12000,5,no,,10
APP-00138,USR-00563,2024-04-27,new_user,employed,excellent,mobile,1000,0,no,,5
APP-00139,USR-00682,2023-09-05,new_user,self-employed,good,desktop,27000,7,yes,yes,27
APP-00140,USR-00684,2023-06-05,new_user,employed,good,desktop,43000,7,yes,yes,31
APP-00141,USR-00071,2023-02-16,new_user,student,good,mobile,50000,5,no,,6
APP-00142,USR-01834,2024-03-29,abandoned_restart,employed,excellent,desktop,13000,7,yes,yes,26
APP-00143,USR-01562,2023-07-20,abandoned_restart,employed,fair,desktop,17000,4,no,,42
APP-00144,USR-01294,2023-05-04,new_user,employed,good,mobile,8000,5,no,,45
APP-00145,USR-00057,2023-01-01,new_user,employed,good,mobile,32000,5,no,,38
APP-00146,USR-01476,2023-07-10,rejected_reapply,employed,fair,mobile,20000,3,no,,12
APP-00147,USR-01481,2024-05-30,new_user,self-employed,good,mobile,17000,1,no,,1
APP-00148,USR-00458,2024-03-17,new_user,unemployed,good,mobile,34000,2,no,,5
APP-00149,USR-01625,2023-05-23,new_user,unemployed,good,mobile,35000,7,yes,yes,19
APP-00150,USR-01687,2023-07-10,abandoned_restart,self-employed,fair,mobile,35000,1,no,,1
APP-00151,USR-01592,2024-06-16,second_loan,unemployed,good,desktop,38000,2,no,,22
APP-00152,USR-01103,2023-08-15,new_user,employed,good,mobile,42000,5,no,,46
APP-00153,USR-01116,2023-11-09,rejected_reapply,self-employed,good,tablet,24000,5,no,,35
APP-00154,USR-00701,2023-10-29,rejected_reapply,employed,fair,mobile,18000,1,no,,5
APP-00155,USR-00125,2024-04-04,new_user,employed,excellent,mobile,50000,2,no,,11
APP-00156,USR-00832,2024-02-05,new_user,employed,good,desktop,46000,5,no,,49
APP-00157,USR-00678,2024-01-28,new_user,employed,good,mobile,48000,1,no,,2
APP-00158,USR-00271,2023-07-26,second_loan,employed,good,mobile,39000,5,no,,3
APP-00159,USR-00421,2023-07-29,new_user,student,fair,mobile,33000,5,no,,6
APP-00160,USR-00980,2023-04-25,abandoned_restart,employed,good,mobile,49000,2,no,,7
APP-00161,USR-01042,2023-09-08,new_user,employed,good,mobile,23000,4,no,,5
APP-00162,USR-01469,2023-08-07,abandoned_restart,employed,good,tablet,25000,7,yes,yes,19
APP-00163,USR-01555,2024-02-11,new_user,employed,good,mobile,37000,5,no,,8
APP-00164,USR-00510,2024-03-18,new_user,employed,good,desktop,27000,5,no,,45
APP-00165,USR-01567,2023-12-20,rejected_reapply,employed,poor,desktop,1000,4,no,,39
APP-00166,USR-00890,2023-05-22,rejected_reapply,employed,good,mobile,21000,4,no,,49
APP-00167,USR-00651,2024-05-15,rejected_reapply,employed,fair,mobile,49000,5,no,,49
APP-00168,USR-00479,2024-06-25,new_user,self-employed,poor,desktop,10000,2,no,,5
APP-00169,USR-01761,2024-05-21,abandoned_restart,self-employed,excellent,desktop,31000,2,no,,15
APP-00170,USR-01802,2023-10-08,new_user,employed,good,mobile,44000,1,no,,5
APP-00171,USR-01880,2024-02-28,new_user,employed,good,mobile,25000,2,no,,18
APP-00172,USR-00953,2023-09-27,new_user,employed,good,mobile,20000,5,no,,37
APP-00173,USR-01155,2023-06-03,new_user,self-employed,excellent,mobile,2000,1,no,,8
APP-00174,USR-00407,2023-03-24,new_user,employed,good,mobile,48000,5,no,,6
APP-00175,USR-00436,2024-03-01,second_loan,employed,good,desktop,15000,1,no,,3
APP-00176,USR-01100,2023-10-02,new_user,self-employed,fair,mobile,28000,2,no,,5
APP-00177,USR-01212,2023-10-11,abandoned_restart,employed,excellent,desktop,13000,1,no,,4
APP-00178,USR-01538,2023-06-22,new_user,employed,excellent,desktop,50000,7,yes,yes,17
APP-00179,USR-00465,2023-11-23,new_user,employed,excellent,mobile,14000,1,no,,2
APP-00180,USR-00703,2023-03-04,new_user,unemployed,fair,mobile,50000,1,no,,2
APP-00181,USR-01091,2023-03-14,rejected_reapply,unemployed,fair,desktop,2000,7,yes,yes,10
APP-00182,USR-00521,2024-01-10,rejected_reapply,self-employed,fair,desktop,34000,7,yes,yes,19
APP-00183,USR-01235,2024-05-22,rejected_reapply,employed,fair,desktop,35000,5,no,,55
APP-00184,USR-01420,2024-02-02,second_loan,employed,excellent,mobile,37000,5,no,,38
APP-00185,USR-00355,2023-04-30,new_user,student,poor,mobile,25000,5,no,,10
APP-00186,USR-00064,2024-03-12,new_user,student,poor,mobile,48000,5,no,,50
APP-00187,USR-01301,2024-04-09,abandoned_restart,employed,fair,mobile,15000,5,no,,5
APP-00188,USR-01801,2023-10-13,new_user,self-employed,fair,desktop,12000,1,no,,7
APP-00189,USR-01296,2023-09-22,new_user,employed,fair,mobile,9000,7,yes,no,15
APP-00190,USR-00431,2023-11-16,new_user,employed,good,desktop,31000,2,no,,24
APP-00191,USR-00271,2024-01-11,new_user,self-employed,good,mobile,14000,5,no,,44
APP-00192,USR-00296,2023-03-30,new_user,employed,poor,desktop,29000,3,no,,5
APP-00193,USR-01613,2023-07-22,new_user,unemployed,good,tablet,48000,7,yes,yes,21
APP-00194,USR-00677,2023-11-30,new_user,employed,good,mobile,43000,5,no,,3
APP-00195,USR-00203,2023-08-10,new_user,employed,poor,tablet,38000,5,no,,23
APP-00196,USR-01889,2023-02-10,new_user,unemployed,good,mobile,42000,2,no,,10
APP-00197,USR-00946,2023-03-09,new_user,unemployed,good,mobile,8000,7,yes,yes,22
APP-00198,USR-01522,2024-05-28,abandoned_restart,employed,good,desktop,48000,5,no,,42
APP-00199,USR-00529,2023-05-07,new_user,employed,good,tablet,3000,5,no,,53
APP-00200,USR-00870,2023-09-12,new_user,self-employed,poor,mobile,2000,0,no,,8
APP-00201,USR-01910,2023-01-16,abandoned_restart,employed,excellent,mobile,16000,5,no,,5
APP-00202,USR-00618,2024-04-21,new_user,student,excellent,desktop,19000,7,yes,yes,14
APP-00203,USR-01563,2023-03-03,new_user,unemployed,excellent,desktop,30000,4,no,,9
APP-00204,USR-00030,2024-03-07,abandoned_restart,employed,poor,mobile,41000,4,no,,22
APP-00205,USR-01117,2023-09-25,new_user,employed,excellent,desktop,16000,3,no,,7
APP-00206,USR-01726,2023-02-04,abandoned_restart,employed,excellent,mobile,31000,5,no,,4
APP-00207,USR-01526,2024-05-08,abandoned_restart,unemployed,excellent,mobile,28000,5,no,,43
APP-00208,USR-00379,2024-04-13,abandoned_restart,employed,poor,mobile,4000,4,no,,36
APP-00209,USR-01682,2023-11-21,new_user,employed,good,mobile,10000,5,no,,46
APP-00210,USR-00649,2023-10-31,new_user,employed,excellent,tablet,45000,7,yes,yes,27
APP-00211,USR-00810,2023-10-03,new_user,employed,good,mobile,18000,5,no,,41
APP-00212,USR-00962,2023-07-20,new_user,employed,good,tablet,47000,5,no,,47
APP-00213,USR-00189,2024-03-20,new_user,employed,excellent,mobile,32000,7,yes,yes,17
APP-00214,USR-00613,2023-11-20,new_user,unemployed,good,desktop,30000,1,no,,3
APP-00215,USR-00171,2023-02-04,new_user,unemployed,good,desktop,36000,7,yes,yes,19
APP-00216,USR-00234,2024-04-26,new_user,self-employed,good,desktop,9000,6,no,,49
APP-00217,USR-00241,2024-04-24,new_user,employed,excellent,desktop,36000,7,yes,yes,16
APP-00218,USR-00044,2023-03-06,new_user,employed,poor,mobile,29000,4,no,,49
APP-00219,USR-00088,2023-01-08,abandoned_restart,self-employed,good,desktop,16000,5,no,,41
APP-00220,USR-01381,2023-10-28,new_user,employed,good,desktop,28000,7,yes,yes,25
APP-00221,USR-01308,2023-12-09,new_user,unemployed,good,mobile,21000,7,yes,yes,24
APP-00222,USR-01509,2024-03-06,rejected_reapply,self-employed,good,desktop,47000,1,no,,5
APP-00223,USR-00122,2024-02-28,new_user,employed,excellent,mobile,2000,5,no,,29
APP-00224,USR-01454,2023-11-28,new_user,unemployed,excellent,mobile,46000,5,no,,34
APP-00225,USR-00528,2024-03-13,new_user,student,poor,desktop,35000,0,no,,5
APP-00226,USR-00965,2023-06-23,abandoned_restart,employed,good,mobile,28000,5,no,,41
APP-00227,USR-00516,2024-06-10,new_user,employed,poor,desktop,36000,7,yes,no,15
APP-00228,USR-00706,2023-01-26,new_user,employed,fair,mobile,31000,0,no,,10
APP-00229,USR-01180,2024-02-10,new_user,employed,good,mobile,33000,1,no,,5
APP-00230,USR-01742,2023-08-20,rejected_reapply,employed,excellent,mobile,23000,5,no,,4
APP-00231,USR-00256,2024-06-16,new_user,employed,excellent,mobile,41000,4,no,,7
APP-00232,USR-00333,2024-05-19,new_user,student,poor,desktop,17000,5,no,,24
APP-00233,USR-01072,2023-06-28,rejected_reapply,employed,poor,mobile,46000,4,no,,44
APP-00234,USR-00642,2023-05-12,new_user,employed,good,mobile,49000,5,no,,40
APP-00235,USR-00830,2024-03-30,rejected_reapply,self-employed,good,mobile,1000,1,no,,4
APP-00236,USR-00470,2023-12-14,new_user,employed,fair,mobile,42000,5,no,,48
APP-00237,USR-00150,2024-06-23,rejected_reapply,unemployed,excellent,desktop,23000,7,yes,yes,16
APP-00238,USR-01024,2024-02-10,new_user,employed,excellent,mobile,48000,5,no,,8
APP-00239,USR-00325,2023-03-17,abandoned_restart,employed,good,desktop,27000,1,no,,3
APP-00240,USR-00230,2024-05-06,rejected_reapply,employed,excellent,tablet,25000,5,no,,24
APP-00241,USR-00254,2023-07-13,new_user,self-employed,fair,desktop,32000,2,no,,25
APP-00242,USR-00433,2023-06-11,new_user,employed,good,desktop,19000,7,yes,yes,24
APP-00243,USR-00135,2023-12-13,new_user,self-employed,good,mobile,24000,7,yes,yes,27
APP-00244,USR-01896,2023-12-27,new_user,employed,poor,mobile,3000,5,no,,26
APP-00245,USR-00547,2023-03-28,new_user,employed,excellent,desktop,12000,2,no,,14
APP-00246,USR-00046,2023-09-19,new_user,employed,good,desktop,35000,5,no,,49
APP-00247,USR-00323,2023-08-02,new_user,unemployed,good,desktop,15000,1,no,,6
APP-00248,USR-00961,2023-09-19,new_user,unemployed,fair,desktop,17000,7,yes,no,17
APP-00249,USR-01436,2023-10-10,new_user,employed,poor,mobile,50000,5,no,,28
APP-00250,USR-01111,2024-04-11,abandoned_restart,employed,poor,mobile,32000,7,yes,no,23
APP-00251,USR-00979,2024-01-15,new_user,employed,good,desktop,7000,7,yes,yes,20
APP-00252,USR-01587,2023-12-28,new_user,employed,good,desktop,19000,7,yes,no,10
APP-00253,USR-00787,2024-03-24,new_user,employed,fair,mobile,7000,1,no,,1
APP-00254,USR-00196,2024-03-16,new_user,unemployed,good,desktop,5000,1,no,,8
APP-00255,USR-00451,2023-04-03,new_user,unemployed,good,mobile,40000,5,no,,33
APP-00256,USR-00657,2024-02-28,new_user,employed,good,mobile,21000,5,no,,36
APP-00257,USR-01376,2023-05-22,new_user,employed,good,desktop,48000,7,yes,no,28
APP-00258,USR-00283,2023-10-18,rejected_reapply,unemployed,excellent,desktop,48000,7,yes,yes,25
APP-00259,USR-00222,2024-03-07,new_user,self-employed,good,mobile,47000,0,no,,3
APP-00260,USR-00338,2023-02-18,abandoned_restart,employed,good,mobile,7000,5,no,,47
APP-00261,USR-01458,2023-10-29,abandoned_restart,employed,fair,mobile,37000,2,no,,17
APP-00262,USR-00519,2023-07-09,abandoned_restart,employed,fair,desktop,23000,5,no,,52
APP-00263,USR-00174,2023-05-16,rejected_reapply,employed,poor,mobile,11000,5,no,,8
APP-00264,USR-01104,2024-02-08,new_user,employed,good,desktop,10000,7,yes,yes,17
APP-00265,USR-00368,2023-12-07,new_user,employed,fair,tablet,21000,5,no,,11
APP-00266,USR-00462,2023-11-14,rejected_reapply,self-employed,fair,desktop,41000,2,no,,20
APP-00267,USR-01508,2023-12-29,new_user,employed,good,mobile,33000,5,no,,4
APP-00268,USR-00153,2024-01-17,new_user,employed,fair,desktop,20000,2,no,,18
APP-00269,USR-00791,2023-08-21,abandoned_restart,employed,fair,mobile,33000,5,no,,37
APP-00270,USR-00346,2023-12-10,abandoned_restart,self-employed,fair,mobile,40000,7,yes,yes,17
APP-00271,USR-01718,2024-06-12,rejected_reapply,unemployed,good,mobile,35000,1,no,,6
APP-00272,USR-01529,2023-07-02,second_loan,employed,poor,mobile,34000,5,no,,45
APP-00273,USR-00544,2023-02-10,abandoned_restart,employed,good,tablet,36000,5,no,,42
APP-00274,USR-00846,2024-02-01,new_user,student,good,mobile,27000,2,no,,6
APP-00275,USR-00269,2024-05-08,rejected_reapply,employed,good,mobile,19000,4,no,,35
APP-00276,USR-00258,2023-11-29,new_user,employed,good,tablet,43000,1,no,,1
APP-00277,USR-01865,2023-05-07,new_user,employed,excellent,mobile,5000,4,no,,38
APP-00278,USR-01179,2023-01-01,rejected_reapply,employed,poor,desktop,29000,4,no,,38
APP-00279,USR-01870,2023-06-17,new_user,employed,fair,mobile,10000,4,no,,3
APP-00280,USR-00508,2023-01-19,new_user,unemployed,fair,mobile,40000,1,no,,5
APP-00281,USR-00255,2023-11-28,new_user,self-employed,poor,tablet,13000,2,no,,10
APP-00282,USR-00398,2024-03-31,rejected_reapply,employed,fair,mobile,29000,3,no,,18
APP-00283,USR-00784,2023-04-19,new_user,unemployed,fair,mobile,5000,2,no,,13
APP-00284,USR-01196,2023-09-25,abandoned_restart,employed,good,mobile,12000,7,yes,yes,20
APP-00285,USR-00169,2024-03-20,new_user,employed,good,mobile,13000,5,no,,9
APP-00286,USR-01760,2023-08-28,abandoned_restart,employed,fair,mobile,22000,1,no,,1
APP-00287,USR-01804,2023-10-28,abandoned_restart,self-employed,good,mobile,40000,0,no,,1
APP-00288,USR-01273,2023-04-13,new_user,employed,fair,mobile,15000,5,no,,4
APP-00289,USR-01129,2023-09-07,new_user,employed,fair,desktop,13000,5,no,,12
APP-00290,USR-00136,2024-03-28,new_user,self-employed,good,mobile,1000,2,no,,15
APP-00291,USR-00818,2024-06-03,second_loan,self-employed,poor,mobile,38000,5,no,,41
APP-00292,USR-00099,2023-06-02,abandoned_restart,self-employed,poor,mobile,43000,1,no,,2
APP-00293,USR-01026,2023-06-23,rejected_reapply,employed,good,tablet,45000,5,no,,22
APP-00294,USR-01222,2023-12-09,new_user,employed,excellent,tablet,1000,2,no,,6
APP-00295,USR-00633,2024-03-06,abandoned_restart,employed,good,desktop,11000,7,yes,yes,19
APP-00296,USR-00416,2023-11-20,abandoned_restart,employed,poor,desktop,43000,7,yes,no,20
APP-00297,USR-01152,2024-02-24,abandoned_restart,unemployed,excellent,mobile,40000,5,no,,6
APP-00298,USR-01264,2024-04-29,second_loan,employed,good,mobile,22000,5,no,,32
APP-00299,USR-01248,2024-02-16,new_user,employed,good,desktop,35000,5,no,,52
APP-00300,USR-01340,2023-03-25,new_user,self-employed,excellent,desktop,44000,7,yes,yes,30
APP-00301,USR-00211,2023-04-23,abandoned_restart,employed,good,mobile,6000,5,no,,6
APP-00302,USR-00163,2023-11-28,abandoned_restart,employed,fair,mobile,28000,5,no,,27
APP-00303,USR-01738,2024-01-13,new_user,self-employed,good,tablet,31000,7,yes,yes,26
APP-00304,USR-01881,2023-02-10,new_user,unemployed,good,desktop,8000,5,no,,8
APP-00305,USR-01830,2023-04-15,new_user,self-employed,good,mobile,5000,1,no,,6
APP-00306,USR-01611,2023-07-21,new_user,employed,good,desktop,42000,7,yes,yes,12
APP-00307,USR-01730,2024-03-25,new_user,employed,excellent,mobile,48000,7,yes,yes,13
APP-00308,USR-01377,2023-09-23,abandoned_restart,self-employed,excellent,mobile,44000,5,no,,41
APP-00309,USR-01559,2023-07-29,abandoned_restart,employed,excellent,mobile,17000,5,no,,3
APP-00310,USR-00386,2023-04-28,new_user,employed,excellent,mobile,38000,5,no,,47
APP-00311,USR-00437,2024-01-12,new_user,unemployed,excellent,mobile,9000,7,yes,yes,22
APP-00312,USR-00945,2024-06-23,new_user,employed,poor,desktop,10000,4,no,,46
APP-00313,USR-00606,2023-03-25,new_user,self-employed,fair,mobile,20000,3,no,,10
APP-00314,USR-00021,2024-03-29,abandoned_restart,employed,good,mobile,14000,5,no,,6
APP-00315,USR-01840,2024-05-28,rejected_reapply,employed,excellent,mobile,14000,5,no,,4
APP-00316,USR-01691,2024-01-22,new_user,employed,good,mobile,26000,5,no,,12
APP-00317,USR-00766,2023-12-16,abandoned_restart,self-employed,good,desktop,29000,5,no,,51
APP-00318,USR-01422,2023-10-23,rejected_reapply,employed,poor,desktop,49000,4,no,,46
APP-00319,USR-00649,2023-09-15,rejected_reapply,employed,fair,tablet,27000,7,yes,no,18
APP-00320,USR-00200,2023-03-22,new_user,self-employed,good,tablet,25000,1,no,,6
APP-00321,USR-01058,2023-09-25,second_loan,self-employed,fair,mobile,16000,1,no,,1
APP-00322,USR-00565,2024-02-23,new_user,student,fair,mobile,36000,4,no,,67
APP-00323,USR-00290,2023-08-23,new_user,employed,fair,desktop,34000,5,no,,20
APP-00324,USR-00247,2023-11-07,new_user,employed,fair,tablet,16000,5,no,,45
APP-00325,USR-00473,2023-12-23,new_user,student,good,desktop,33000,7,yes,yes,10
APP-00326,USR-00858,2023-08-01,new_user,self-employed,fair,desktop,3000,5,no,,9
APP-00327,USR-00385,2023-02-18,new_user,employed,good,desktop,23000,7,yes,yes,30
APP-00328,USR-00148,2023-05-07,new_user,employed,poor,mobile,11000,1,no,,3
APP-00329,USR-00135,2023-08-11,rejected_reapply,self-employed,excellent,mobile,48000,2,no,,29
APP-00330,USR-00369,2023-10-06,rejected_reapply,employed,fair,desktop,18000,5,no,,38
APP-00331,USR-01638,2024-02-12,new_user,self-employed,good,desktop,47000,1,no,,1
APP-00332,USR-00408,2024-05-19,rejected_reapply,employed,good,mobile,41000,3,no,,25
APP-00333,USR-01341,2023-10-21,rejected_reapply,employed,fair,mobile,44000,1,no,,3
APP-00334,USR-00053,2023-10-04,abandoned_restart,self-employed,excellent,mobile,29000,1,no,,7
APP-00335,USR-00434,2024-03-13,new_user,employed,good,mobile,50000,5,no,,33
APP-00336,USR-00471,2023-04-17,abandoned_restart,employed,good,tablet,5000,5,no,,38
APP-00337,USR-00795,2024-02-24,rejected_reapply,employed,fair,mobile,24000,2,no,,29
APP-00338,USR-00120,2024-03-04,abandoned_restart,employed,excellent,mobile,29000,5,no,,38
APP-00339,USR-01512,2024-01-10,new_user,self-employed,good,mobile,29000,1,no,,5
APP-00340,USR-00120,2023-03-14,new_user,self-employed,fair,desktop,26000,1,no,,1
APP-00341,USR-00105,2023-01-30,abandoned_restart,self-employed,fair,mobile,40000,7,yes,no,24
APP-00342,USR-01866,2023-07-07,new_user,employed,excellent,mobile,3000,5,no,,60
APP-00343,USR-00582,2023-12-30,new_user,employed,good,mobile,2000,7,yes,no,26
APP-00344,USR-01299,2024-03-26,new_user,employed,good,mobile,25000,5,no,,40
APP-00345,USR-00840,2023-07-14,rejected_reapply,unemployed,good,mobile,19000,5,no,,43
APP-00346,USR-00398,2023-06-05,rejected_reapply,self-employed,good,mobile,40000,2,no,,17
APP-00347,USR-00192,2023-06-21,new_user,self-employed,fair,tablet,2000,2,no,,10
APP-00348,USR-00227,2023-02-10,second_loan,employed,fair,mobile,19000,2,no,,9
APP-00349,USR-00232,2023-03-04,new_user,employed,good,mobile,1000,1,no,,4
APP-00350,USR-00028,2023-01-23,abandoned_restart,employed,excellent,desktop,27000,1,no,,6
APP-00351,USR-00409,2023-12-26,abandoned_restart,employed,fair,mobile,45000,7,yes,no,10
APP-00352,USR-00112,2023-03-16,rejected_reapply,employed,good,desktop,49000,5,no,,40
APP-00353,USR-00052,2023-04-28,rejected_reapply,unemployed,good,mobile,35000,2,no,,13
APP-00354,USR-01924,2024-01-15,new_user,employed,good,mobile,41000,5,no,,12
APP-00355,USR-00601,2023-10-17,rejected_reapply,employed,excellent,desktop,5000,7,yes,yes,23
APP-00356,USR-01503,2024-03-15,new_user,employed,good,tablet,38000,5,no,,41
APP-00357,USR-00536,2023-01-07,abandoned_restart,unemployed,poor,mobile,4000,4,no,,39
APP-00358,USR-01163,2023-07-15,abandoned_restart,employed,excellent,mobile,17000,5,no,,39
APP-00359,USR-01291,2024-02-25,abandoned_restart,self-employed,good,mobile,21000,2,no,,9
APP-00360,USR-00938,2023-07-12,new_user,unemployed,excellent,tablet,48000,7,yes,yes,11
APP-00361,USR-01357,2023-05-28,rejected_reapply,employed,good,tablet,31000,3,no,,7
APP-00362,USR-01413,2023-07-21,new_user,self-employed,excellent,mobile,48000,5,no,,52
APP-00363,USR-01642,2024-03-19,new_user,employed,poor,mobile,22000,5,no,,52
APP-00364,USR-01085,2024-02-23,abandoned_restart,employed,fair,mobile,11000,4,no,,6
APP-00365,USR-01290,2024-03-02,new_user,self-employed,excellent,mobile,34000,0,no,,2
APP-00366,USR-01798,2024-04-23,rejected_reapply,self-employed,fair,mobile,49000,5,no,,42
APP-00367,USR-00181,2024-04-19,new_user,employed,poor,mobile,15000,4,no,,7
APP-00368,USR-00370,2023-05-06,new_user,employed,good,desktop,50000,7,yes,no,30
APP-00369,USR-00453,2024-01-30,rejected_reapply,employed,excellent,tablet,10000,5,no,,9
APP-00370,USR-00213,2023-11-21,new_user,employed,fair,tablet,38000,5,no,,7
APP-00371,USR-01845,2024-01-27,new_user,employed,excellent,mobile,32000,1,no,,3
APP-00372,USR-00730,2024-03-15,abandoned_restart,employed,good,mobile,48000,7,yes,yes,10
APP-00373,USR-01639,2023-07-23,new_user,employed,good,desktop,31000,2,no,,14
APP-00374,USR-00231,2024-04-30,abandoned_restart,self-employed,excellent,mobile,37000,5,no,,6
APP-00375,USR-01869,2023-01-31,new_user,employed,good,desktop,44000,5,no,,31
APP-00376,USR-00745,2024-01-23,rejected_reapply,employed,fair,mobile,28000,5,no,,4
APP-00377,USR-01478,2024-03-09,rejected_reapply,employed,fair,mobile,31000,3,no,,22
APP-00378,USR-00928,2024-01-11,abandoned_restart,unemployed,good,mobile,6000,2,no,,5
APP-00379,USR-00219,2023-12-10,new_user,employed,good,mobile,14000,2,no,,5
APP-00380,USR-00440,2024-03-18,rejected_reapply,employed,excellent,desktop,23000,1,no,,5
APP-00381,USR-01594,2023-03-16,abandoned_restart,employed,good,mobile,16000,4,no,,6
APP-00382,USR-00875,2023-06-04,abandoned_restart,self-employed,good,mobile,25000,1,no,,4
APP-00383,USR-00788,2024-03-05,new_user,employed,good,mobile,39000,5,no,,33
APP-00384,USR-00144,2023-12-29,rejected_reapply,self-employed,fair,desktop,2000,2,no,,20
APP-00385,USR-00496,2024-03-23,abandoned_restart,student,poor,mobile,38000,5,no,,3
APP-00386,USR-00578,2023-08-22,new_user,self-employed,excellent,mobile,41000,2,no,,5
APP-00387,USR-00155,2023-09-19,new_user,self-employed,poor,mobile,39000,2,no,,27
APP-00388,USR-00302,2023-05-05,rejected_reapply,employed,fair,mobile,34000,5,no,,27
APP-00389,USR-01487,2023-09-02,new_user,employed,good,mobile,40000,1,no,,1
APP-00390,USR-01576,2024-06-25,second_loan,student,good,desktop,43000,5,no,,32
APP-00391,USR-01191,2024-04-29,abandoned_restart,employed,excellent,mobile,25000,0,no,,1
APP-00392,USR-00566,2023-05-02,abandoned_restart,employed,fair,mobile,36000,2,no,,21
APP-00393,USR-01623,2023-05-05,new_user,self-employed,poor,desktop,16000,4,no,,50
APP-00394,USR-01353,2023-06-19,new_user,employed,fair,mobile,18000,2,no,,5
APP-00395,USR-00036,2023-05-04,rejected_reapply,employed,good,mobile,13000,7,yes,yes,13
APP-00396,USR-00615,2023-02-04,new_user,employed,fair,mobile,37000,5,no,,46
APP-00397,USR-00868,2023-03-28,abandoned_restart,employed,good,mobile,27000,4,no,,3
APP-00398,USR-00728,2023-07-20,new_user,self-employed,excellent,desktop,34000,1,no,,2
APP-00399,USR-00033,2024-01-04,new_user,employed,excellent,desktop,11000,5,no,,4
APP-00400,USR-00380,2023-03-18,new_user,employed,fair,desktop,1000,2,no,,19
APP-00401,USR-00359,2023-02-28,new_user,employed,good,desktop,13000,7,yes,no,25
APP-00402,USR-01412,2024-03-06,second_loan,self-employed,good,mobile,30000,1,no,,5
APP-00403,USR-00273,2024-05-14,new_user,self-employed,excellent,mobile,5000,1,no,,4
APP-00404,USR-01629,2023-04-19,new_user,employed,excellent,mobile,18000,2,no,,13
APP-00405,USR-00103,2023-10-05,new_user,self-employed,fair,mobile,14000,2,no,,16
APP-00406,USR-01083,2023-03-09,new_user,employed,good,tablet,13000,5,no,,5
APP-00407,USR-00260,2023-03-10,new_user,unemployed,fair,desktop,32000,7,yes,no,19
APP-00408,USR-00097,2023-06-14,rejected_reapply,employed,poor,mobile,7000,4,no,,7
APP-00409,USR-00252,2024-05-03,new_user,self-employed,poor,mobile,8000,0,no,,2
APP-00410,USR-00992,2023-11-01,new_user,employed,good,mobile,50000,5,no,,4
APP-00411,USR-00151,2023-12-31,new_user,employed,good,mobile,7000,1,no,,9
APP-00412,USR-01076,2024-01-14,second_loan,employed,poor,mobile,49000,2,no,,21
APP-00413,USR-00930,2023-12-09,new_user,unemployed,good,mobile,16000,2,no,,17
APP-00414,USR-00037,2023-12-20,new_user,employed,fair,desktop,43000,7,yes,no,18
APP-00415,USR-00680,2024-02-20,abandoned_restart,unemployed,good,desktop,31000,5,no,,9
APP-00416,USR-01237,2023-04-19,new_user,employed,fair,mobile,27000,1,no,,3
APP-00417,USR-00541,2024-05-11,new_user,employed,fair,mobile,33000,2,no,,14
APP-00418,USR-00099,2023-12-07,new_user,employed,good,mobile,29000,5,no,,58
APP-00419,USR-00393,2024-01-18,abandoned_restart,self-employed,fair,desktop,8000,1,no,,6
APP-00420,USR-00664,2024-06-16,new_user,employed,good,desktop,33000,5,no,,47
APP-00421,USR-00477,2023-10-27,rejected_reapply,unemployed,fair,tablet,41000,4,no,,4
APP-00422,USR-00415,2023-05-19,abandoned_restart,unemployed,good,mobile,19000,1,no,,6
APP-00423,USR-00913,2023-12-25,new_user,unemployed,fair,desktop,21000,4,no,,50
APP-00424,USR-01271,2024-05-13,new_user,employed,good,mobile,41000,5,no,,41
APP-00425,USR-01855,2024-01-20,new_user,self-employed,good,mobile,21000,1,no,,3
APP-00426,USR-01616,2023-10-07,abandoned_restart,self-employed,poor,mobile,25000,1,no,,9
APP-00427,USR-01601,2024-04-27,new_user,employed,good,mobile,42000,5,no,,34
APP-00428,USR-00124,2023-04-21,new_user,self-employed,poor,desktop,23000,7,yes,yes,23
APP-00429,USR-00742,2023-05-19,new_user,employed,good,mobile,11000,1,no,,6
APP-00430,USR-01345,2024-03-10,second_loan,employed,fair,mobile,33000,5,no,,3
APP-00431,USR-01807,2024-05-23,new_user,employed,good,mobile,20000,1,no,,1
APP-00432,USR-00047,2023-09-30,rejected_reapply,employed,good,mobile,25000,5,no,,4
APP-00433,USR-00252,2023-04-09,new_user,employed,excellent,mobile,26000,5,no,,40
APP-00434,USR-01722,2023-04-14,new_user,employed,good,mobile,40000,5,no,,8
APP-00435,USR-00485,2023-08-02,new_user,self-employed,good,mobile,12000,2,no,,15
APP-00436,USR-01065,2023-06-14,new_user,employed,good,mobile,32000,0,no,,9
APP-00437,USR-00703,2024-06-03,new_user,employed,excellent,tablet,33000,7,yes,yes,19
APP-00438,USR-01089,2023-10-11,new_user,employed,good,mobile,10000,1,no,,9
APP-00439,USR-00046,2024-05-31,rejected_reapply,employed,fair,mobile,4000,7,yes,no,22
APP-00440,USR-00463,2023-06-13,rejected_reapply,self-employed,excellent,mobile,15000,5,no,,35
APP-00441,USR-00113,2023-03-05,abandoned_restart,employed,good,desktop,6000,1,no,,6
APP-00442,USR-01918,2023-04-01,new_user,self-employed,excellent,desktop,27000,1,no,,6
APP-00443,USR-00892,2023-04-27,new_user,employed,excellent,mobile,5000,5,no,,6
APP-00444,USR-00686,2023-09-24,new_user,self-employed,fair,mobile,5000,1,no,,10
APP-00445,USR-00031,2023-05-20,abandoned_restart,employed,good,desktop,18000,5,no,,3
APP-00446,USR-00461,2023-09-03,rejected_reapply,employed,fair,desktop,28000,1,no,,3
APP-00447,USR-01678,2024-01-30,new_user,self-employed,fair,desktop,35000,7,yes,no,10
APP-00448,USR-01544,2024-05-01,new_user,employed,fair,desktop,22000,5,no,,3
APP-00449,USR-01466,2024-04-20,new_user,self-employed,good,desktop,34000,7,yes,yes,22
APP-00450,USR-01713,2024-05-31,new_user,self-employed,fair,mobile,4000,0,no,,6
APP-00451,USR-00323,2023-07-03,new_user,employed,poor,mobile,18000,4,no,,55
APP-00452,USR-00444,2023-01-20,abandoned_restart,employed,good,desktop,41000,2,no,,13
APP-00453,USR-01877,2024-06-07,abandoned_restart,employed,fair,desktop,26000,4,no,,38
APP-00454,USR-00068,2024-06-12,new_user,unemployed,poor,mobile,42000,4,no,,20
APP-00455,USR-01127,2023-05-27,new_user,self-employed,fair,tablet,22000,1,no,,2
APP-00456,USR-01852,2023-10-31,second_loan,employed,fair,mobile,47000,1,no,,6
APP-00457,USR-00652,2023-08-16,new_user,employed,good,mobile,33000,5,no,,48
APP-00458,USR-01794,2023-04-12,new_user,employed,poor,desktop,43000,3,no,,15
APP-00459,USR-00392,2024-02-21,new_user,self-employed,excellent,mobile,14000,1,no,,5
APP-00460,USR-00822,2023-08-04,new_user,employed,good,mobile,31000,5,no,,47
APP-00461,USR-01452,2024-02-11,new_user,employed,fair,mobile,10000,5,no,,20
APP-00462,USR-00533,2024-02-03,rejected_reapply,unemployed,fair,mobile,24000,5,no,,3
APP-00463,USR-01018,2024-05-13,new_user,employed,good,mobile,21000,7,yes,yes,27
APP-00464,USR-00931,2024-04-09,new_user,employed,good,mobile,48000,2,no,,8
APP-00465,USR-01090,2023-03-23,abandoned_restart,student,poor,mobile,8000,4,no,,4
APP-00466,USR-01322,2023-12-31,new_user,self-employed,fair,tablet,32000,1,no,,4
APP-00467,USR-01184,2023-06-12,rejected_reapply,employed,excellent,tablet,31000,5,no,,38
APP-00468,USR-00238,2023-02-17,rejected_reapply,employed,fair,mobile,34000,5,no,,34
APP-00469,USR-00636,2024-05-25,new_user,employed,fair,desktop,23000,7,yes,yes,24
APP-00470,USR-00499,2023-11-25,abandoned_restart,employed,excellent,mobile,25000,1,no,,9
APP-00471,USR-00110,2023-04-26,new_user,unemployed,good,mobile,7000,0,no,,3
APP-00472,USR-00477,2023-12-03,second_loan,employed,fair,mobile,19000,5,no,,5
APP-00473,USR-01560,2023-05-27,new_user,self-employed,good,tablet,7000,1,no,,5
APP-00474,USR-01723,2023-11-19,second_loan,unemployed,poor,tablet,47000,4,no,,20
APP-00475,USR-00164,2024-03-18,abandoned_restart,employed,good,mobile,8000,5,no,,30
APP-00476,USR-01750,2023-01-13,new_user,employed,good,mobile,14000,5,no,,9
APP-00477,USR-00310,2024-05-08,new_user,employed,excellent,mobile,1000,7,yes,yes,18
APP-00478,USR-00253,2023-10-14,second_loan,unemployed,excellent,mobile,13000,5,no,,45
APP-00479,USR-00503,2023-04-24,rejected_reapply,self-employed,excellent,mobile,3000,1,no,,5
APP-00480,USR-00972,2024-04-24,new_user,employed,excellent,mobile,28000,1,no,,4
APP-00481,USR-01433,2023-01-22,abandoned_restart,self-employed,good,desktop,38000,0,no,,6
APP-00482,USR-01295,2023-12-15,new_user,employed,fair,mobile,15000,7,yes,no,30
APP-00483,USR-00053,2023-11-16,new_user,unemployed,good,tablet,36000,5,no,,28
APP-00484,USR-00487,2023-05-06,new_user,employed,good,desktop,3000,5,no,,5
APP-00485,USR-00274,2023-10-04,new_user,employed,excellent,mobile,4000,4,no,,10
APP-00486,USR-01675,2023-07-23,rejected_reapply,unemployed,fair,desktop,5000,7,yes,yes,21
APP-00487,USR-00525,2023-07-13,new_user,employed,excellent,desktop,50000,7,yes,yes,23
APP-00488,USR-00522,2023-10-13,rejected_reapply,employed,excellent,mobile,26000,7,yes,yes,24
APP-00489,USR-01197,2023-02-26,new_user,employed,excellent,mobile,25000,5,no,,39
APP-00490,USR-01695,2023-10-30,new_user,employed,excellent,tablet,10000,7,yes,yes,31
APP-00491,USR-01686,2023-06-12,new_user,employed,fair,mobile,8000,2,no,,25
APP-00492,USR-01035,2023-01-19,new_user,unemployed,poor,mobile,12000,1,no,,8
APP-00493,USR-00497,2024-01-05,new_user,employed,poor,mobile,3000,7,yes,no,20
APP-00494,USR-01351,2023-09-21,new_user,employed,fair,desktop,27000,2,no,,11
APP-00495,USR-00933,2023-04-23,new_user,self-employed,good,desktop,50000,4,no,,20
APP-00496,USR-01846,2024-05-02,new_user,employed,excellent,tablet,23000,7,yes,yes,22
APP-00497,USR-00436,2023-11-23,new_user,employed,excellent,mobile,40000,5,no,,3
APP-00498,USR-01513,2024-06-25,new_user,self-employed,good,mobile,33000,1,no,,2
APP-00499,USR-00694,2023-03-06,rejected_reapply,unemployed,poor,mobile,14000,5,no,,5
APP-00500,USR-00859,2023-10-19,rejected_reapply,self-employed,fair,desktop,23000,2,no,,15
APP-00501,USR-00346,2023-01-25,new_user,self-employed,poor,mobile,31000,4,no,,55
APP-00502,USR-00462,2023-01-01,new_user,employed,fair,mobile,13000,5,no,,48
APP-00503,USR-00147,2023-05-21,new_user,unemployed,good,mobile,12000,5,no,,36
APP-00504,USR-01833,2023-07-07,second_loan,employed,poor,mobile,35000,0,no,,2
APP-00505,USR-00820,2023-05-08,new_user,self-employed,fair,desktop,18000,2,no,,13
APP-00506,USR-00158,2023-07-20,new_user,employed,fair,desktop,21000,7,yes,no,11
APP-00507,USR-00679,2023-05-07,new_user,unemployed,good,tablet,45000,5,no,,32
APP-00508,USR-01593,2023-09-14,new_user,self-employed,good,mobile,47000,5,no,,9
APP-00509,USR-01178,2023-07-13,new_user,self-employed,good,tablet,42000,1,no,,5
APP-00510,USR-01205,2023-04-14,abandoned_restart,employed,good,desktop,1000,5,no,,7
APP-00511,USR-01396,2024-06-18,new_user,employed,excellent,mobile,38000,1,no,,3
APP-00512,USR-01440,2023-09-22,abandoned_restart,self-employed,fair,tablet,41000,1,no,,3
APP-00513,USR-00086,2024-01-19,new_user,self-employed,good,mobile,42000,2,no,,8
APP-00514,USR-00103,2023-09-17,new_user,employed,good,desktop,47000,5,no,,41
APP-00515,USR-00848,2024-02-18,rejected_reapply,student,good,desktop,9000,1,no,,1
APP-00516,USR-01648,2023-12-24,new_user,unemployed,excellent,desktop,23000,2,no,,6
APP-00517,USR-00101,2023-03-16,rejected_reapply,employed,fair,mobile,14000,5,no,,39
APP-00518,USR-00316,2023-12-21,new_user,self-employed,good,mobile,11000,7,yes,yes,23
APP-00519,USR-01159,2023-07-07,new_user,employed,poor,mobile,7000,5,no,,42
APP-00520,USR-01392,2023-10-17,second_loan,employed,good,mobile,31000,5,no,,7
APP-00521,USR-00621,2023-02-14,new_user,employed,fair,desktop,24000,4,no,,3
APP-00522,USR-01379,2023-03-24,rejected_reapply,employed,fair,desktop,26000,7,yes,yes,20
APP-00523,USR-00262,2023-05-03,new_user,self-employed,good,tablet,30000,2,no,,23
APP-00524,USR-00558,2023-12-24,rejected_reapply,employed,good,mobile,34000,5,no,,24
APP-00525,USR-01875,2024-06-11,new_user,self-employed,poor,desktop,46000,1,no,,1
APP-00526,USR-01748,2023-03-07,new_user,self-employed,good,tablet,38000,1,no,,2
APP-00527,USR-00696,2024-01-10,abandoned_restart,self-employed,good,desktop,5000,7,yes,yes,18
APP-00528,USR-00180,2023-06-11,rejected_reapply,employed,fair,mobile,5000,4,no,,50
APP-00529,USR-01115,2024-01-15,rejected_reapply,unemployed,good,mobile,19000,5,no,,31
APP-00530,USR-00652,2023-12-24,rejected_reapply,employed,good,mobile,38000,1,no,,4
APP-00531,USR-00765,2023-07-07,rejected_reapply,employed,good,desktop,28000,5,no,,39
APP-00532,USR-00780,2023-11-18,new_user,employed,fair,desktop,26000,5,no,,28
APP-00533,USR-00481,2024-03-25,new_user,employed,fair,tablet,42000,5,no,,12
APP-00534,USR-00609,2024-04-18,new_user,unemployed,good,mobile,23000,5,no,,26
APP-00535,USR-00153,2023-01-13,new_user,employed,excellent,mobile,46000,2,no,,23
APP-00536,USR-00882,2023-07-03,new_user,self-employed,good,desktop,49000,7,yes,no,24
APP-00537,USR-01310,2023-04-21,new_user,employed,poor,desktop,30000,4,no,,46
APP-00538,USR-00208,2024-05-22,new_user,employed,good,tablet,3000,5,no,,9
APP-00539,USR-01561,2023-10-17,abandoned_restart,student,excellent,desktop,28000,7,yes,yes,12
APP-00540,USR-00120,2023-10-22,new_user,self-employed,poor,mobile,33000,4,no,,40
APP-00541,USR-00253,2024-03-26,new_user,employed,excellent,desktop,42000,5,no,,43
APP-00542,USR-01591,2023-08-03,new_user,employed,excellent,desktop,3000,5,no,,24
APP-00543,USR-01841,2023-01-27,abandoned_restart,employed,poor,mobile,5000,5,no,,46
APP-00544,USR-00428,2023-08-19,abandoned_restart,employed,excellent,mobile,19000,7,yes,yes,24
APP-00545,USR-00248,2023-11-17,abandoned_restart,self-employed,fair,mobile,42000,1,no,,10
APP-00546,USR-00659,2023-08-21,new_user,self-employed,excellent,mobile,48000,5,no,,7
APP-00547,USR-01776,2024-03-12,new_user,employed,good,desktop,1000,7,yes,yes,24
APP-00548,USR-00348,2024-06-16,new_user,unemployed,good,mobile,38000,3,no,,14
APP-00549,USR-01810,2024-02-07,new_user,employed,good,mobile,9000,5,no,,39
APP-00550,USR-01214,2023-02-22,new_user,employed,good,mobile,5000,5,no,,45
APP-00551,USR-00541,2023-11-09,new_user,employed,poor,mobile,46000,0,no,,4
APP-00552,USR-00659,2023-10-08,new_user,self-employed,good,mobile,42000,5,no,,3
APP-00553,USR-00400,2023-01-31,second_loan,employed,fair,desktop,34000,4,no,,40
APP-00554,USR-00708,2023-12-03,second_loan,employed,fair,mobile,37000,1,no,,7
APP-00555,USR-01419,2023-07-02,new_user,employed,fair,mobile,33000,4,no,,7
APP-00556,USR-00446,2023-01-23,new_user,employed,good,mobile,25000,5,no,,45
APP-00557,USR-01438,2024-06-27,new_user,self-employed,fair,mobile,42000,2,no,,23
APP-00558,USR-00472,2024-03-21,new_user,employed,poor,mobile,29000,0,no,,5
APP-00559,USR-00917,2023-03-15,rejected_reapply,employed,poor,mobile,25000,0,no,,3
APP-00560,USR-00770,2023-01-10,new_user,self-employed,poor,desktop,9000,2,no,,33
APP-00561,USR-01303,2024-04-28,abandoned_restart,unemployed,good,desktop,3000,5,no,,20
APP-00562,USR-00314,2024-03-31,new_user,unemployed,excellent,mobile,15000,5,no,,32
APP-00563,USR-01901,2023-06-09,second_loan,employed,poor,mobile,4000,7,yes,no,25
APP-00564,USR-00564,2023-01-14,new_user,employed,excellent,tablet,45000,7,yes,yes,13
APP-00565,USR-00264,2023-06-27,abandoned_restart,employed,good,desktop,38000,5,no,,34
APP-00566,USR-01502,2024-02-16,new_user,employed,good,mobile,20000,3,no,,19
APP-00567,USR-01510,2023-02-22,abandoned_restart,unemployed,good,desktop,49000,5,no,,39
APP-00568,USR-00354,2024-02-12,new_user,employed,excellent,desktop,23000,5,no,,42
APP-00569,USR-00209,2023-01-22,new_user,employed,poor,desktop,37000,1,no,,6
APP-00570,USR-00650,2023-01-30,rejected_reapply,employed,good,mobile,47000,5,no,,36
APP-00571,USR-01317,2023-09-17,rejected_reapply,employed,good,mobile,8000,0,no,,2
APP-00572,USR-01658,2023-07-24,rejected_reapply,self-employed,good,mobile,37000,5,no,,21
APP-00573,USR-01256,2023-02-28,abandoned_restart,employed,excellent,tablet,45000,7,yes,no,26
APP-00574,USR-00058,2024-04-15,rejected_reapply,employed,poor,desktop,33000,5,no,,4
APP-00575,USR-00749,2024-04-10,new_user,employed,good,mobile,33000,5,no,,45
APP-00576,USR-00277,2023-01-12,new_user,employed,good,tablet,7000,2,no,,16
APP-00577,USR-01126,2023-10-17,new_user,employed,fair,tablet,22000,5,no,,49
APP-00578,USR-00230,2023-12-20,abandoned_restart,self-employed,fair,tablet,5000,1,no,,5
APP-00579,USR-01430,2023-03-16,new_user,employed,good,desktop,46000,7,yes,yes,25
APP-00580,USR-00015,2024-03-16,new_user,self-employed,excellent,tablet,15000,1,no,,3
APP-00581,USR-00201,2023-08-29,new_user,unemployed,good,mobile,21000,2,no,,7
APP-00582,USR-01741,2023-06-03,rejected_reapply,unemployed,excellent,desktop,25000,1,no,,3
APP-00583,USR-00790,2023-04-06,new_user,unemployed,good,desktop,17000,1,no,,4
APP-00584,USR-01106,2023-10-21,new_user,employed,poor,mobile,50000,1,no,,3
APP-00585,USR-00215,2023-07-28,new_user,employed,poor,mobile,7000,5,no,,46
APP-00586,USR-00070,2023-12-09,new_user,employed,poor,tablet,50000,5,no,,7
APP-00587,USR-00671,2023-03-29,new_user,unemployed,fair,mobile,19000,0,no,,7
APP-00588,USR-01805,2024-01-25,abandoned_restart,student,fair,desktop,7000,5,no,,4
APP-00589,USR-00202,2023-11-21,abandoned_restart,unemployed,good,mobile,40000,5,no,,55
APP-00590,USR-01586,2023-06-06,abandoned_restart,employed,good,mobile,45000,5,no,,3
APP-00591,USR-00991,2023-05-17,new_user,unemployed,poor,mobile,50000,7,yes,yes,24
APP-00592,USR-00987,2024-03-03,rejected_reapply,employed,fair,mobile,24000,5,no,,33
APP-00593,USR-00603,2024-03-27,new_user,employed,fair,desktop,11000,1,no,,5
APP-00594,USR-00720,2023-05-21,new_user,employed,good,mobile,41000,7,yes,yes,23
APP-00595,USR-00783,2023-03-24,rejected_reapply,employed,poor,mobile,1000,7,yes,no,27
APP-00596,USR-01347,2023-06-26,new_user,employed,poor,mobile,32000,5,no,,5
APP-00597,USR-01710,2023-07-17,new_user,employed,excellent,mobile,40000,0,no,,8
APP-00598,USR-01706,2024-02-25,rejected_reapply,employed,excellent,mobile,44000,5,no,,46
APP-00599,USR-00280,2024-02-05,new_user,self-employed,fair,desktop,2000,5,no,,9
APP-00600,USR-01475,2024-04-15,abandoned_restart,unemployed,good,mobile,15000,7,yes,yes,23
APP-00601,USR-00626,2023-08-06,new_user,self-employed,fair,mobile,21000,5,no,,29
APP-00602,USR-01916,2023-06-24,abandoned_restart,employed,good,mobile,24000,5,no,,46
APP-00603,USR-01769,2023-01-23,new_user,self-employed,good,mobile,50000,7,yes,yes,20
APP-00604,USR-00597,2023-08-23,new_user,unemployed,poor,mobile,17000,5,no,,9
APP-00605,USR-01515,2023-01-13,abandoned_restart,employed,good,mobile,47000,5,no,,38
APP-00606,USR-01860,2023-04-11,new_user,employed,fair,desktop,9000,3,no,,17
APP-00607,USR-00254,2024-06-19,new_user,employed,fair,tablet,35000,7,yes,yes,21
APP-00608,USR-00441,2024-06-06,new_user,employed,fair,desktop,20000,5,no,,39
APP-00609,USR-00509,2024-03-27,new_user,self-employed,good,mobile,19000,7,yes,yes,24
APP-00610,USR-00077,2024-03-06,new_user,unemployed,fair,mobile,18000,4,no,,35
APP-00611,USR-01585,2024-06-16,new_user,employed,fair,mobile,20000,0,no,,4
APP-00612,USR-00523,2023-10-20,rejected_reapply,self-employed,fair,desktop,30000,5,no,,11
APP-00613,USR-01242,2023-04-11,new_user,unemployed,poor,tablet,40000,5,no,,8
APP-00614,USR-00404,2024-05-16,new_user,unemployed,good,mobile,1000,1,no,,2
APP-00615,USR-01781,2023-10-31,new_user,employed,fair,mobile,24000,5,no,,33
APP-00616,USR-01283,2024-06-23,new_user,unemployed,poor,desktop,24000,7,yes,yes,17
APP-00617,USR-01262,2023-12-21,rejected_reapply,employed,good,desktop,47000,7,yes,yes,19
APP-00618,USR-00663,2023-10-30,new_user,employed,good,desktop,19000,7,yes,yes,22
APP-00619,USR-00483,2024-05-10,second_loan,employed,excellent,desktop,30000,5,no,,40
APP-00620,USR-01920,2023-08-15,new_user,employed,good,tablet,26000,5,no,,58
APP-00621,USR-00572,2023-08-24,abandoned_restart,self-employed,fair,mobile,42000,2,no,,6
APP-00622,USR-01447,2024-03-30,new_user,employed,good,tablet,44000,5,no,,32
APP-00623,USR-00439,2023-01-13,rejected_reapply,employed,good,tablet,38000,5,no,,20
APP-00624,USR-01731,2023-07-29,new_user,employed,fair,desktop,29000,5,no,,39
APP-00625,USR-01654,2024-02-01,new_user,self-employed,excellent,mobile,13000,5,no,,46
APP-00626,USR-00167,2023-04-10,new_user,employed,poor,mobile,4000,1,no,,6
APP-00627,USR-00060,2023-01-31,new_user,self-employed,excellent,mobile,45000,1,no,,8
APP-00628,USR-00612,2024-06-11,rejected_reapply,employed,excellent,mobile,17000,2,no,,7
APP-00629,USR-00531,2023-11-25,new_user,employed,good,desktop,33000,5,no,,48
APP-00630,USR-00050,2023-06-15,new_user,employed,excellent,mobile,5000,3,no,,31
APP-00631,USR-00022,2024-04-03,abandoned_restart,employed,good,mobile,28000,2,no,,22
APP-00632,USR-00015,2023-04-10,new_user,employed,fair,desktop,24000,0,no,,5
APP-00633,USR-01272,2023-06-22,second_loan,employed,good,mobile,17000,7,yes,no,26
APP-00634,USR-00049,2023-06-11,abandoned_restart,student,poor,mobile,50000,4,no,,7
APP-00635,USR-01135,2023-09-20,new_user,self-employed,fair,mobile,39000,5,no,,36
APP-00636,USR-01254,2023-10-01,rejected_reapply,employed,good,desktop,48000,7,yes,no,27
APP-00637,USR-00927,2023-01-03,new_user,employed,fair,mobile,40000,4,no,,39
APP-00638,USR-00633,2023-01-28,new_user,unemployed,fair,desktop,44000,7,yes,yes,27
APP-00639,USR-01269,2023-11-22,new_user,employed,good,mobile,46000,7,yes,no,10
APP-00640,USR-01635,2023-05-29,new_user,employed,excellent,tablet,11000,1,no,,1
APP-00641,USR-01079,2024-06-23,abandoned_restart,self-employed,poor,mobile,12000,1,no,,10
APP-00642,USR-00026,2024-05-02,rejected_reapply,self-employed,fair,mobile,13000,4,no,,10
APP-00643,USR-01136,2024-03-13,new_user,employed,fair,mobile,8000,5,no,,52
APP-00644,USR-01922,2023-03-06,new_user,employed,good,mobile,1000,1,no,,2
APP-00645,USR-01890,2023-12-22,second_loan,employed,poor,mobile,9000,5,no,,12
APP-00646,USR-00756,2024-06-16,new_user,self-employed,good,mobile,28000,5,no,,43
APP-00647,USR-01864,2023-09-09,new_user,employed,fair,mobile,2000,2,no,,12
APP-00648,USR-00362,2023-08-23,new_user,employed,fair,mobile,14000,5,no,,3
APP-00649,USR-01287,2023-08-15,rejected_reapply,employed,excellent,mobile,13000,5,no,,43
APP-00650,USR-01390,2024-06-08,new_user,employed,poor,mobile,48000,2,no,,7
APP-00651,USR-00442,2023-11-09,abandoned_restart,unemployed,good,desktop,2000,5,no,,3
APP-00652,USR-00490,2023-02-18,rejected_reapply,self-employed,poor,tablet,4000,1,no,,3
APP-00653,USR-01548,2023-04-28,new_user,self-employed,good,mobile,12000,1,no,,6
APP-00654,USR-00036,2023-02-23,new_user,employed,good,mobile,48000,7,yes,yes,24
APP-00655,USR-01900,2023-02-13,rejected_reapply,employed,fair,tablet,10000,5,no,,7
APP-00656,USR-01657,2023-02-22,new_user,employed,poor,mobile,3000,0,no,,5
APP-00657,USR-00241,2024-06-08,abandoned_restart,employed,fair,tablet,4000,5,no,,20
APP-00658,USR-00977,2023-04-12,rejected_reapply,student,good,mobile,6000,5,no,,9
APP-00659,USR-00583,2024-02-02,abandoned_restart,employed,good,desktop,23000,5,no,,6
APP-00660,USR-01258,2023-05-18,abandoned_restart,employed,good,mobile,5000,7,yes,no,36
APP-00661,USR-01095,2024-01-22,rejected_reapply,employed,good,tablet,50000,2,no,,11
APP-00662,USR-00613,2023-04-21,rejected_reapply,self-employed,fair,mobile,3000,1,no,,5
APP-00663,USR-00284,2023-01-17,new_user,employed,fair,desktop,10000,2,no,,18
APP-00664,USR-00351,2023-07-01,new_user,employed,fair,mobile,43000,7,yes,yes,16
APP-00665,USR-00263,2024-06-19,new_user,employed,fair,mobile,19000,1,no,,5
APP-00666,USR-01022,2024-06-24,abandoned_restart,unemployed,fair,desktop,14000,5,no,,29
APP-00667,USR-01912,2023-06-20,new_user,employed,good,mobile,21000,2,no,,16
APP-00668,USR-00773,2024-02-13,abandoned_restart,unemployed,good,tablet,43000,5,no,,44
APP-00669,USR-01363,2024-01-13,new_user,self-employed,excellent,mobile,28000,2,no,,28
APP-00670,USR-00799,2023-07-07,abandoned_restart,employed,fair,desktop,21000,3,no,,15
APP-00671,USR-00054,2023-08-18,new_user,self-employed,good,mobile,36000,0,no,,6
APP-00672,USR-00908,2023-04-29,abandoned_restart,employed,excellent,tablet,24000,7,yes,yes,24
APP-00673,USR-00658,2023-06-05,new_user,student,good,tablet,38000,5,no,,6
APP-00674,USR-01817,2024-04-09,new_user,employed,fair,mobile,17000,4,no,,8
APP-00675,USR-00943,2023-04-14,new_user,employed,fair,desktop,22000,7,yes,yes,15
APP-00676,USR-00349,2024-05-16,abandoned_restart,employed,poor,desktop,19000,5,no,,30
APP-00677,USR-00609,2023-06-24,new_user,employed,fair,mobile,45000,1,no,,3
APP-00678,USR-01836,2024-02-25,new_user,student,good,desktop,10000,0,no,,7
APP-00679,USR-01069,2023-05-14,second_loan,employed,poor,mobile,11000,5,no,,6
APP-00680,USR-00587,2024-01-26,abandoned_restart,self-employed,fair,desktop,38000,7,yes,no,25
APP-00681,USR-01101,2024-05-15,second_loan,employed,good,mobile,2000,5,no,,45
APP-00682,USR-00539,2023-02-02,new_user,unemployed,good,mobile,33000,7,yes,yes,24
APP-00683,USR-00747,2023-02-24,new_user,employed,good,mobile,43000,5,no,,40
APP-00684,USR-01266,2024-06-02,rejected_reapply,employed,good,mobile,31000,1,no,,2
APP-00685,USR-00201,2023-01-12,new_user,employed,fair,desktop,48000,7,yes,no,28
APP-00686,USR-00842,2024-06-11,abandoned_restart,self-employed,fair,tablet,35000,1,no,,3
APP-00687,USR-00470,2024-01-08,new_user,employed,fair,mobile,37000,1,no,,6
APP-00688,USR-01702,2024-04-28,new_user,employed,good,mobile,47000,7,yes,yes,23
APP-00689,USR-01411,2023-08-16,new_user,employed,excellent,desktop,47000,7,yes,yes,15
APP-00690,USR-01679,2023-11-03,new_user,self-employed,poor,mobile,36000,7,yes,no,18
APP-00691,USR-01279,2024-04-01,new_user,employed,good,mobile,23000,5,no,,4
APP-00692,USR-00124,2023-06-09,new_user,employed,fair,mobile,36000,5,no,,24
APP-00693,USR-00941,2023-11-27,second_loan,employed,good,mobile,40000,0,no,,13
APP-00694,USR-01570,2023-08-13,new_user,unemployed,poor,mobile,39000,1,no,,3
APP-00695,USR-00619,2024-05-18,abandoned_restart,unemployed,fair,desktop,26000,7,yes,no,15
APP-00696,USR-00407,2024-03-31,rejected_reapply,employed,excellent,mobile,25000,5,no,,7
APP-00697,USR-01231,2023-02-14,new_user,employed,good,desktop,17000,2,no,,25
APP-00698,USR-00782,2023-08-02,new_user,employed,good,mobile,15000,4,no,,35
APP-00699,USR-01751,2023-02-28,abandoned_restart,employed,fair,mobile,37000,5,no,,40
APP-00700,USR-00498,2023-07-14,abandoned_restart,employed,fair,desktop,45000,7,yes,no,23
APP-00701,USR-01874,2024-05-03,abandoned_restart,self-employed,fair,mobile,4000,5,no,,36
APP-00702,USR-00343,2023-06-06,abandoned_restart,employed,excellent,mobile,22000,1,no,,5
APP-00703,USR-00575,2023-08-14,second_loan,unemployed,excellent,desktop,17000,7,yes,yes,21
APP-00704,USR-00300,2024-02-16,new_user,employed,good,mobile,22000,2,no,,9
APP-00705,USR-00839,2023-07-24,new_user,self-employed,fair,desktop,17000,1,no,,9
APP-00706,USR-00767,2023-03-20,abandoned_restart,employed,excellent,mobile,14000,2,no,,22
APP-00707,USR-01743,2023-05-04,new_user,employed,good,desktop,14000,5,no,,5
APP-00708,USR-01261,2024-04-15,rejected_reapply,employed,good,mobile,17000,5,no,,46
APP-00709,USR-00020,2023-08-06,new_user,employed,fair,mobile,8000,5,no,,29
APP-00710,USR-01566,2024-05-30,new_user,employed,good,tablet,34000,5,no,,44
APP-00711,USR-00221,2023-04-14,rejected_reapply,self-employed,good,desktop,26000,5,no,,14
APP-00712,USR-01355,2024-01-28,new_user,unemployed,excellent,mobile,45000,2,no,,8
APP-00713,USR-00022,2024-03-09,new_user,employed,good,mobile,30000,5,no,,6
APP-00714,USR-00450,2023-11-27,new_user,employed,fair,mobile,22000,1,no,,3
APP-00715,USR-01221,2023-05-23,rejected_reapply,employed,good,desktop,16000,7,yes,yes,20
APP-00716,USR-00085,2024-06-23,new_user,employed,excellent,desktop,30000,3,no,,14
APP-00717,USR-01243,2023-10-05,rejected_reapply,employed,fair,desktop,16000,4,no,,35
APP-00718,USR-00622,2023-08-21,new_user,self-employed,fair,mobile,38000,1,no,,5
APP-00719,USR-00267,2024-06-12,abandoned_restart,student,poor,desktop,24000,5,no,,33
APP-00720,USR-00525,2023-03-31,rejected_reapply,unemployed,good,mobile,36000,2,no,,18
APP-00721,USR-00291,2024-05-06,new_user,employed,fair,mobile,35000,5,no,,27
APP-00722,USR-01806,2023-07-18,new_user,unemployed,good,mobile,6000,0,no,,4
APP-00723,USR-00525,2023-12-28,new_user,self-employed,fair,tablet,4000,7,yes,yes,20
APP-00724,USR-00417,2024-03-16,abandoned_restart,employed,excellent,desktop,18000,7,yes,no,25
APP-00725,USR-00473,2023-01-26,new_user,employed,fair,mobile,6000,7,yes,no,16
APP-00726,USR-01150,2023-01-25,abandoned_restart,self-employed,fair,desktop,26000,1,no,,5
APP-00727,USR-01038,2024-01-29,new_user,employed,good,tablet,37000,3,no,,25
APP-00728,USR-01362,2024-05-21,new_user,employed,good,mobile,27000,0,no,,1
APP-00729,USR-00547,2023-10-28,new_user,employed,fair,mobile,41000,4,no,,9
APP-00730,USR-00065,2023-12-05,new_user,employed,fair,tablet,11000,7,yes,no,21
APP-00731,USR-00655,2023-09-24,new_user,employed,fair,desktop,38000,4,no,,32
APP-00732,USR-01328,2024-04-05,rejected_reapply,unemployed,good,mobile,16000,1,no,,7
APP-00733,USR-00100,2024-03-31,abandoned_restart,self-employed,good,mobile,19000,0,no,,9
APP-00734,USR-00493,2023-12-26,new_user,self-employed,good,mobile,43000,5,no,,42
APP-00735,USR-00344,2023-03-09,second_loan,employed,good,mobile,15000,5,no,,12
APP-00736,USR-00641,2024-02-16,abandoned_restart,self-employed,good,tablet,26000,1,no,,1
APP-00737,USR-00331,2024-05-05,rejected_reapply,employed,poor,mobile,41000,3,no,,21
APP-00738,USR-01746,2023-02-18,new_user,employed,excellent,desktop,31000,7,yes,yes,14
APP-00739,USR-00279,2023-04-12,new_user,employed,excellent,mobile,19000,5,no,,4
APP-00740,USR-01755,2023-08-04,new_user,employed,fair,mobile,24000,5,no,,6
APP-00741,USR-01480,2024-03-13,abandoned_restart,employed,fair,mobile,9000,1,no,,4
APP-00742,USR-01406,2023-06-08,new_user,employed,poor,desktop,23000,7,yes,no,29
APP-00743,USR-00504,2024-05-03,new_user,employed,poor,mobile,4000,3,no,,5
APP-00744,USR-00019,2023-08-30,new_user,employed,good,desktop,10000,5,no,,9
APP-00745,USR-00614,2023-01-05,new_user,student,good,mobile,9000,7,yes,yes,12
APP-00746,USR-00644,2023-12-27,abandoned_restart,employed,good,mobile,19000,5,no,,35
APP-00747,USR-01477,2024-04-03,new_user,self-employed,good,mobile,15000,1,no,,11
APP-00748,USR-01060,2023-09-05,new_user,employed,good,mobile,34000,5,no,,42
APP-00749,USR-01019,2024-02-26,abandoned_restart,employed,good,desktop,42000,5,no,,51
APP-00750,USR-01449,2023-01-15,second_loan,student,poor,mobile,19000,1,no,,9
APP-00751,USR-01286,2023-05-02,abandoned_restart,employed,fair,desktop,49000,4,no,,51
APP-00752,USR-01367,2023-10-04,rejected_reapply,employed,good,mobile,21000,5,no,,49
APP-00753,USR-01497,2024-03-28,abandoned_restart,self-employed,poor,mobile,34000,1,no,,3
APP-00754,USR-01045,2024-01-25,new_user,employed,poor,mobile,17000,5,no,,50
APP-00755,USR-00760,2023-10-21,new_user,self-employed,excellent,mobile,18000,1,no,,2
APP-00756,USR-01352,2024-03-21,abandoned_restart,employed,good,desktop,17000,5,no,,22
APP-00757,USR-01797,2023-07-29,abandoned_restart,employed,fair,desktop,2000,4,no,,27
APP-00758,USR-00681,2023-10-29,abandoned_restart,employed,good,mobile,1000,5,no,,30
APP-00759,USR-00901,2023-08-11,new_user,employed,good,mobile,43000,2,no,,21
APP-00760,USR-01504,2023-01-03,new_user,unemployed,fair,desktop,10000,5,no,,53
APP-00761,USR-01649,2024-06-01,new_user,self-employed,poor,desktop,37000,0,no,,6
APP-00762,USR-01140,2023-04-03,new_user,employed,excellent,desktop,48000,3,no,,16
APP-00763,USR-00220,2024-06-03,new_user,employed,fair,mobile,5000,6,no,,30
APP-00764,USR-00602,2024-03-03,rejected_reapply,self-employed,poor,mobile,12000,1,no,,7
APP-00765,USR-01588,2024-05-07,new_user,employed,good,tablet,36000,2,no,,29
APP-00766,USR-01414,2023-08-23,new_user,employed,good,desktop,31000,7,yes,yes,18
APP-00767,USR-00304,2023-06-10,new_user,employed,fair,mobile,38000,5,no,,40
APP-00768,USR-00053,2023-11-27,abandoned_restart,employed,fair,desktop,9000,5,no,,26
APP-00769,USR-01861,2023-11-29,new_user,self-employed,fair,desktop,44000,5,no,,48
APP-00770,USR-00878,2023-02-19,new_user,student,excellent,mobile,26000,1,no,,9
APP-00771,USR-01753,2024-06-06,new_user,employed,fair,mobile,15000,2,no,,21
APP-00772,USR-00835,2024-05-06,new_user,employed,good,mobile,16000,5,no,,3
APP-00773,USR-00345,2023-09-29,rejected_reapply,employed,excellent,mobile,13000,5,no,,44
APP-00774,USR-01056,2023-09-09,rejected_reapply,employed,poor,desktop,25000,5,no,,9
APP-00775,USR-01423,2023-03-31,new_user,employed,excellent,mobile,30000,5,no,,5
APP-00776,USR-01128,2024-03-21,new_user,self-employed,excellent,desktop,7000,1,no,,7
APP-00777,USR-00648,2023-11-28,abandoned_restart,employed,excellent,tablet,4000,7,yes,yes,21
APP-00778,USR-00538,2023-05-19,new_user,employed,fair,mobile,43000,5,no,,31
APP-00779,USR-00891,2023-12-23,new_user,employed,good,mobile,40000,0,no,,3
APP-00780,USR-01577,2023-10-01,new_user,employed,good,desktop,38000,7,yes,no,16
APP-00781,USR-01162,2023-01-19,rejected_reapply,employed,excellent,desktop,30000,4,no,,32
APP-00782,USR-00808,2023-11-07,new_user,self-employed,fair,desktop,10000,2,no,,18
APP-00783,USR-01260,2023-06-03,new_user,employed,good,mobile,30000,5,no,,52
APP-00784,USR-00834,2024-01-25,abandoned_restart,self-employed,fair,mobile,39000,5,no,,5
APP-00785,USR-01815,2023-09-17,new_user,employed,fair,mobile,7000,5,no,,20
APP-00786,USR-00193,2023-05-05,new_user,employed,good,tablet,36000,2,no,,14
APP-00787,USR-00175,2023-12-20,second_loan,employed,good,mobile,35000,4,no,,11
APP-00788,USR-00476,2023-09-30,new_user,employed,good,tablet,24000,5,no,,8
APP-00789,USR-01011,2023-09-02,abandoned_restart,employed,good,mobile,39000,5,no,,23
APP-00790,USR-01745,2024-03-25,new_user,employed,excellent,tablet,36000,5,no,,27
APP-00791,USR-00187,2023-09-04,new_user,self-employed,fair,desktop,45000,1,no,,4
APP-00792,USR-01006,2024-06-03,new_user,self-employed,good,mobile,20000,5,no,,25
APP-00793,USR-00669,2023-05-21,new_user,employed,fair,desktop,49000,4,no,,8
APP-00794,USR-00863,2023-12-28,new_user,employed,fair,mobile,32000,5,no,,5
APP-00795,USR-00129,2023-01-08,rejected_reapply,employed,good,mobile,39000,7,yes,yes,19
APP-00796,USR-00341,2024-04-22,new_user,employed,excellent,mobile,49000,7,yes,yes,11
APP-00797,USR-00456,2023-12-18,new_user,employed,good,mobile,26000,2,no,,15
APP-00798,USR-00162,2024-05-09,new_user,unemployed,good,mobile,26000,5,no,,41
APP-00799,USR-01514,2024-03-02,abandoned_restart,employed,poor,desktop,36000,5,no,,32
APP-00800,USR-01201,2023-02-08,new_user,employed,fair,desktop,43000,7,yes,no,20
APP-00801,USR-00308,2023-07-06,new_user,employed,good,mobile,35000,4,no,,33
APP-00802,USR-00638,2023-04-03,new_user,employed,poor,desktop,43000,4,no,,64
APP-00803,USR-00384,2023-03-27,new_user,self-employed,fair,desktop,35000,2,no,,10
APP-00804,USR-01627,2023-02-13,new_user,employed,good,tablet,12000,1,no,,8
APP-00805,USR-00294,2023-05-17,rejected_reapply,employed,poor,desktop,33000,3,no,,22
APP-00806,USR-01034,2024-02-25,new_user,self-employed,fair,mobile,36000,5,no,,47
APP-00807,USR-00178,2023-03-15,new_user,employed,good,mobile,14000,2,no,,15
APP-00808,USR-00427,2024-05-26,new_user,self-employed,good,desktop,33000,7,yes,yes,21
APP-00809,USR-00495,2023-06-05,rejected_reapply,employed,excellent,mobile,46000,5,no,,4
APP-00810,USR-00184,2023-09-12,new_user,employed,good,mobile,45000,4,no,,46
APP-00811,USR-00503,2023-06-20,new_user,self-employed,good,mobile,45000,1,no,,8
APP-00812,USR-00269,2023-06-19,new_user,employed,excellent,mobile,24000,5,no,,11
APP-00813,USR-00185,2023-11-18,new_user,employed,good,mobile,15000,5,no,,20
APP-00814,USR-01892,2024-03-31,new_user,employed,fair,mobile,31000,5,no,,40
APP-00815,USR-00624,2023-06-04,new_user,employed,poor,mobile,17000,5,no,,20
APP-00816,USR-00510,2023-12-15,new_user,self-employed,good,desktop,12000,1,no,,4
APP-00817,USR-00511,2024-03-26,new_user,unemployed,good,mobile,22000,5,no,,21
APP-00818,USR-00811,2023-06-22,new_user,student,good,mobile,23000,1,no,,4
APP-00819,USR-01915,2023-01-10,new_user,self-employed,good,mobile,26000,2,no,,21
APP-00820,USR-01633,2023-09-22,new_user,employed,good,mobile,14000,5,no,,51
APP-00821,USR-01049,2024-03-13,abandoned_restart,employed,excellent,mobile,12000,5,no,,8
APP-00822,USR-01608,2023-09-04,second_loan,employed,good,mobile,50000,1,no,,7
APP-00823,USR-00864,2024-06-29,second_loan,employed,poor,mobile,4000,5,no,,3
APP-00824,USR-00490,2024-05-13,rejected_reapply,employed,excellent,desktop,46000,5,no,,7
APP-00825,USR-01005,2023-05-09,abandoned_restart,unemployed,fair,mobile,13000,1,no,,1
APP-00826,USR-01081,2023-11-23,abandoned_restart,employed,good,mobile,18000,2,no,,19
APP-00827,USR-00691,2024-02-08,new_user,employed,excellent,mobile,43000,7,yes,yes,20
APP-00828,USR-00161,2023-12-25,abandoned_restart,employed,good,desktop,28000,1,no,,6
APP-00829,USR-01223,2023-01-17,new_user,self-employed,good,desktop,38000,2,no,,21
APP-00830,USR-00757,2023-10-01,new_user,self-employed,good,desktop,41000,5,no,,20
APP-00831,USR-00499,2023-04-26,abandoned_restart,self-employed,fair,mobile,44000,5,no,,20
APP-00832,USR-00342,2023-04-01,new_user,employed,fair,mobile,19000,1,no,,7
APP-00833,USR-00970,2023-03-23,new_user,self-employed,good,mobile,46000,7,yes,yes,33
APP-00834,USR-00119,2023-11-20,rejected_reapply,employed,good,desktop,47000,5,no,,24
APP-00835,USR-01863,2023-04-24,new_user,unemployed,good,mobile,43000,1,no,,7
APP-00836,USR-01118,2023-02-27,new_user,employed,fair,tablet,38000,3,no,,6
APP-00837,USR-00282,2023-06-03,rejected_reapply,employed,good,desktop,46000,1,no,,5
APP-00838,USR-00020,2024-02-08,abandoned_restart,employed,good,desktop,3000,7,yes,yes,22
APP-00839,USR-01445,2023-09-23,new_user,self-employed,good,mobile,19000,1,no,,4
APP-00840,USR-00564,2023-11-11,new_user,employed,good,desktop,20000,3,no,,8
APP-00841,USR-00642,2023-02-10,new_user,unemployed,good,mobile,25000,5,no,,36
APP-00842,USR-01002,2023-04-15,rejected_reapply,employed,good,mobile,11000,6,no,,20
APP-00843,USR-01663,2023-07-12,new_user,employed,good,mobile,17000,7,yes,yes,18
APP-00844,USR-01337,2024-02-05,new_user,employed,excellent,desktop,49000,1,no,,1
APP-00845,USR-00556,2023-10-05,new_user,employed,fair,mobile,35000,5,no,,8
APP-00846,USR-00367,2023-12-20,new_user,employed,excellent,mobile,14000,5,no,,42
APP-00847,USR-01619,2023-09-13,second_loan,employed,poor,mobile,39000,2,no,,11
APP-00848,USR-00304,2023-04-09,new_user,self-employed,poor,desktop,19000,7,yes,no,24
APP-00849,USR-00556,2023-10-09,abandoned_restart,employed,excellent,desktop,3000,7,yes,yes,15
APP-00850,USR-00305,2024-02-07,new_user,student,fair,desktop,34000,5,no,,40
APP-00851,USR-00112,2023-04-19,abandoned_restart,employed,good,mobile,49000,5,no,,3
APP-00852,USR-00305,2023-07-18,rejected_reapply,self-employed,excellent,mobile,41000,5,no,,26
APP-00853,USR-01856,2023-10-30,new_user,employed,excellent,mobile,22000,5,no,,23
APP-00854,USR-00204,2023-11-23,new_user,employed,excellent,mobile,38000,5,no,,54
APP-00855,USR-01488,2023-06-03,new_user,employed,fair,tablet,27000,7,yes,yes,20
APP-00856,USR-00188,2024-02-09,abandoned_restart,employed,good,mobile,21000,0,no,,3
APP-00857,USR-00121,2024-04-06,new_user,unemployed,poor,mobile,41000,5,no,,35
APP-00858,USR-00284,2023-05-12,rejected_reapply,employed,good,mobile,31000,2,no,,24
APP-00859,USR-00576,2023-03-25,abandoned_restart,employed,excellent,desktop,27000,7,yes,yes,28
APP-00860,USR-01557,2024-02-03,rejected_reapply,unemployed,fair,mobile,37000,5,no,,9
APP-00861,USR-01821,2023-04-19,abandoned_restart,employed,good,mobile,2000,5,no,,3
APP-00862,USR-01764,2023-08-09,new_user,self-employed,good,desktop,47000,2,no,,12
APP-00863,USR-00626,2024-01-03,new_user,employed,good,mobile,9000,5,no,,3
APP-00864,USR-00276,2023-05-27,new_user,self-employed,excellent,desktop,19000,1,no,,9
APP-00865,USR-01187,2023-04-22,rejected_reapply,employed,poor,mobile,42000,5,no,,10
APP-00866,USR-00257,2024-05-08,abandoned_restart,employed,good,desktop,36000,5,no,,62
APP-00867,USR-00361,2024-05-19,abandoned_restart,employed,excellent,mobile,10000,2,no,,12
APP-00868,USR-01088,2024-04-19,new_user,unemployed,good,mobile,40000,2,no,,17
APP-00869,USR-01727,2023-09-28,new_user,employed,poor,desktop,45000,4,no,,3
APP-00870,USR-01364,2024-02-25,abandoned_restart,employed,good,mobile,39000,5,no,,3
APP-00871,USR-00605,2024-01-02,new_user,self-employed,fair,mobile,7000,4,no,,40
APP-00872,USR-01054,2023-10-07,new_user,unemployed,fair,mobile,4000,1,no,,6
APP-00873,USR-01812,2023-10-10,abandoned_restart,self-employed,excellent,desktop,15000,7,yes,yes,20
APP-00874,USR-00630,2023-02-09,new_user,student,good,mobile,12000,3,no,,11
APP-00875,USR-01511,2023-07-08,new_user,employed,excellent,tablet,48000,7,yes,yes,21
APP-00876,USR-01850,2023-06-13,new_user,employed,excellent,tablet,6000,7,yes,yes,18
APP-00877,USR-01174,2024-06-19,new_user,self-employed,good,desktop,9000,1,no,,4
APP-00878,USR-00287,2024-06-19,second_loan,self-employed,poor,mobile,35000,1,no,,9
APP-00879,USR-01107,2023-01-04,new_user,employed,good,mobile,8000,5,no,,4
APP-00880,USR-01000,2023-10-17,new_user,employed,fair,desktop,7000,7,yes,no,20
APP-00881,USR-00574,2024-03-08,new_user,self-employed,excellent,mobile,4000,5,no,,7
APP-00882,USR-01768,2024-04-15,abandoned_restart,employed,fair,mobile,13000,4,no,,3
APP-00883,USR-00424,2023-06-30,new_user,employed,fair,mobile,19000,5,no,,29
APP-00884,USR-00456,2023-09-05,new_user,employed,good,mobile,7000,5,no,,36
APP-00885,USR-01507,2023-10-06,new_user,employed,fair,mobile,10000,2,no,,10
APP-00886,USR-00234,2023-09-11,new_user,self-employed,fair,mobile,25000,5,no,,36
APP-00887,USR-00163,2023-06-30,new_user,employed,good,desktop,44000,7,yes,yes,17
APP-00888,USR-00066,2024-05-23,rejected_reapply,self-employed,poor,mobile,35000,1,no,,12
APP-00889,USR-00567,2023-11-22,rejected_reapply,employed,poor,mobile,25000,4,no,,42
APP-00890,USR-00857,2023-12-23,new_user,employed,fair,mobile,29000,7,yes,no,24
APP-00891,USR-00143,2024-01-26,new_user,self-employed,good,mobile,12000,5,no,,6
APP-00892,USR-01468,2023-03-26,rejected_reapply,employed,good,mobile,47000,5,no,,39
APP-00893,USR-00743,2023-11-13,new_user,employed,good,desktop,40000,5,no,,46
APP-00894,USR-01439,2023-07-31,rejected_reapply,employed,good,tablet,12000,7,yes,yes,20
APP-00895,USR-00063,2024-05-29,new_user,employed,fair,mobile,6000,4,no,,35
APP-00896,USR-00231,2024-01-19,rejected_reapply,employed,excellent,mobile,10000,4,no,,8
APP-00897,USR-01887,2023-12-08,abandoned_restart,self-employed,poor,mobile,2000,2,no,,10
APP-00898,USR-01276,2023-02-07,rejected_reapply,self-employed,good,tablet,45000,2,no,,18
APP-00899,USR-00161,2024-05-25,abandoned_restart,self-employed,excellent,desktop,25000,2,no,,23
APP-00900,USR-01134,2024-02-24,new_user,employed,excellent,desktop,7000,7,yes,yes,21
APP-00901,USR-01694,2023-06-18,rejected_reapply,employed,fair,mobile,40000,0,no,,2
APP-00902,USR-01580,2023-12-09,new_user,employed,fair,tablet,23000,4,no,,27
APP-00903,USR-01209,2023-11-02,new_user,employed,good,mobile,48000,2,no,,11
APP-00904,USR-01028,2024-06-25,abandoned_restart,employed,poor,mobile,11000,2,no,,5
APP-00905,USR-00837,2024-06-20,abandoned_restart,employed,excellent,desktop,36000,2,no,,11
APP-00906,USR-01284,2023-04-22,rejected_reapply,student,good,tablet,49000,7,yes,yes,29
APP-00907,USR-00375,2024-02-15,new_user,employed,good,mobile,48000,1,no,,1
APP-00908,USR-01048,2023-07-25,abandoned_restart,employed,poor,mobile,23000,5,no,,44
APP-00909,USR-01827,2023-07-04,abandoned_restart,self-employed,good,mobile,43000,5,no,,55
APP-00910,USR-00401,2024-01-17,new_user,employed,good,mobile,7000,5,no,,10
APP-00911,USR-00298,2024-05-10,new_user,self-employed,excellent,mobile,27000,2,no,,21
APP-00912,USR-00599,2024-01-14,new_user,self-employed,poor,tablet,13000,1,no,,4
APP-00913,USR-00072,2023-02-16,new_user,unemployed,poor,desktop,17000,2,no,,14
APP-00914,USR-00752,2024-06-11,second_loan,employed,fair,desktop,32000,7,yes,yes,29
APP-00915,USR-00100,2024-05-18,abandoned_restart,self-employed,poor,desktop,26000,2,no,,5
APP-00916,USR-01094,2023-01-22,abandoned_restart,employed,good,mobile,22000,5,no,,45
APP-00917,USR-01432,2023-08-01,second_loan,self-employed,excellent,desktop,13000,1,no,,3
APP-00918,USR-00867,2023-11-06,new_user,employed,fair,mobile,12000,5,no,,44
APP-00919,USR-00737,2023-09-29,rejected_reapply,employed,excellent,mobile,7000,5,no,,37
APP-00920,USR-01835,2023-07-21,new_user,employed,poor,mobile,1000,7,yes,yes,21
APP-00921,USR-01238,2023-02-01,rejected_reapply,employed,fair,mobile,33000,5,no,,7
APP-00922,USR-01692,2024-03-18,new_user,self-employed,poor,desktop,14000,2,no,,6
APP-00923,USR-00530,2023-06-11,rejected_reapply,self-employed,fair,tablet,47000,5,no,,60
APP-00924,USR-00002,2023-09-11,new_user,self-employed,excellent,mobile,43000,7,yes,yes,10
APP-00925,USR-01114,2024-06-04,new_user,employed,poor,desktop,41000,7,yes,no,13
APP-00926,USR-01589,2024-04-24,abandoned_restart,self-employed,good,mobile,17000,7,yes,no,30
APP-00927,USR-00637,2023-01-10,new_user,employed,good,desktop,4000,2,no,,8
APP-00928,USR-00246,2024-05-19,abandoned_restart,unemployed,excellent,mobile,39000,7,yes,yes,30
APP-00929,USR-00186,2024-03-11,new_user,unemployed,poor,mobile,1000,4,no,,6
APP-00930,USR-01789,2023-04-21,abandoned_restart,employed,fair,mobile,41000,5,no,,47
APP-00931,USR-01547,2023-06-02,new_user,self-employed,poor,desktop,45000,0,no,,4
APP-00932,USR-01175,2023-04-12,new_user,employed,good,mobile,24000,0,no,,6
APP-00933,USR-01030,2023-07-10,new_user,employed,fair,tablet,34000,7,yes,no,26
APP-00934,USR-00932,2023-03-22,new_user,employed,excellent,mobile,34000,1,no,,8
APP-00935,USR-01641,2024-05-03,new_user,employed,good,tablet,24000,5,no,,43
APP-00936,USR-01711,2023-03-29,new_user,self-employed,good,desktop,15000,4,no,,39
APP-00937,USR-00028,2023-07-13,new_user,employed,good,mobile,17000,5,no,,25
APP-00938,USR-00401,2023-04-14,new_user,employed,poor,mobile,13000,5,no,,45
APP-00939,USR-00512,2023-04-06,new_user,employed,good,desktop,7000,7,yes,no,28
APP-00940,USR-00107,2024-02-27,rejected_reapply,self-employed,excellent,desktop,9000,5,no,,42
APP-00941,USR-01617,2023-07-17,new_user,unemployed,excellent,desktop,44000,5,no,,3
APP-00942,USR-01358,2023-01-01,new_user,self-employed,excellent,mobile,35000,5,no,,44
APP-00943,USR-01667,2024-02-11,abandoned_restart,self-employed,excellent,mobile,23000,5,no,,3
APP-00944,USR-00566,2024-01-13,new_user,employed,poor,tablet,47000,4,no,,4
APP-00945,USR-00608,2023-06-16,abandoned_restart,employed,fair,mobile,39000,1,no,,5
APP-00946,USR-01252,2024-05-23,new_user,employed,poor,mobile,23000,1,no,,4
APP-00947,USR-00562,2023-11-09,new_user,employed,fair,mobile,26000,5,no,,8
APP-00948,USR-00152,2024-02-22,new_user,self-employed,poor,desktop,1000,5,no,,33
APP-00949,USR-01867,2024-04-21,abandoned_restart,employed,good,desktop,14000,4,no,,20
APP-00950,USR-00382,2023-03-14,abandoned_restart,self-employed,good,mobile,32000,1,no,,6
APP-00951,USR-01327,2023-05-21,new_user,employed,excellent,mobile,48000,0,no,,3
APP-00952,USR-00732,2023-09-19,new_user,employed,good,mobile,10000,7,yes,yes,10
APP-00953,USR-01335,2023-12-06,second_loan,employed,excellent,mobile,1000,5,no,,10
APP-00954,USR-01656,2023-11-04,new_user,self-employed,poor,mobile,5000,2,no,,10
APP-00955,USR-00404,2023-09-02,new_user,self-employed,poor,tablet,3000,5,no,,9
APP-00956,USR-00024,2024-05-29,rejected_reapply,unemployed,good,mobile,49000,5,no,,10
APP-00957,USR-00688,2023-12-03,abandoned_restart,employed,fair,mobile,50000,5,no,,11
APP-00958,USR-00159,2023-03-17,new_user,student,fair,desktop,27000,5,no,,3
APP-00959,USR-01809,2023-06-24,abandoned_restart,employed,fair,mobile,22000,1,no,,8
APP-00960,USR-00862,2023-04-19,rejected_reapply,employed,fair,mobile,18000,4,no,,50
APP-00961,USR-01714,2023-07-02,new_user,student,good,mobile,16000,4,no,,4
APP-00962,USR-00332,2023-07-11,new_user,employed,good,mobile,2000,7,yes,yes,22
APP-00963,USR-00903,2023-03-06,new_user,self-employed,good,tablet,47000,1,no,,3
APP-00964,USR-00640,2024-04-18,second_loan,employed,good,mobile,13000,5,no,,28
APP-00965,USR-00207,2023-04-10,abandoned_restart,employed,fair,mobile,45000,5,no,,40
APP-00966,USR-00959,2024-06-27,new_user,unemployed,fair,desktop,16000,7,yes,no,10
APP-00967,USR-00950,2023-05-08,rejected_reapply,employed,fair,tablet,8000,2,no,,19
APP-00968,USR-00643,2024-03-27,new_user,self-employed,fair,mobile,43000,1,no,,1
APP-00969,USR-00445,2024-01-04,new_user,employed,good,mobile,8000,5,no,,15
APP-00970,USR-00035,2023-02-12,new_user,self-employed,good,tablet,10000,7,yes,yes,17
APP-00971,USR-01721,2024-02-23,new_user,employed,good,mobile,33000,5,no,,38
APP-00972,USR-01092,2024-05-02,rejected_reapply,employed,fair,desktop,31000,2,no,,9
APP-00973,USR-00924,2023-03-19,new_user,employed,good,desktop,12000,5,no,,34
APP-00974,USR-00643,2023-09-27,rejected_reapply,employed,good,desktop,9000,5,no,,34
APP-00975,USR-01492,2023-11-11,new_user,unemployed,good,mobile,37000,1,no,,6
APP-00976,USR-01814,2023-06-17,new_user,employed,good,mobile,9000,1,no,,10
APP-00977,USR-00312,2023-12-05,second_loan,employed,good,desktop,48000,5,no,,39
APP-00978,USR-00352,2023-07-12,new_user,employed,good,mobile,18000,7,yes,yes,27
APP-00979,USR-00549,2024-03-28,new_user,employed,good,mobile,30000,7,yes,yes,21
APP-00980,USR-01621,2023-10-10,new_user,self-employed,poor,mobile,32000,1,no,,1
APP-00981,USR-01599,2023-12-02,rejected_reapply,student,good,mobile,40000,1,no,,8
APP-00982,USR-01232,2024-01-25,new_user,employed,poor,tablet,23000,5,no,,32
APP-00983,USR-00966,2024-06-08,new_user,unemployed,poor,mobile,11000,0,no,,5
APP-00984,USR-00400,2023-08-28,new_user,employed,excellent,tablet,20000,7,yes,yes,17
APP-00985,USR-00059,2024-04-27,new_user,employed,excellent,mobile,19000,2,no,,17
APP-00986,USR-00307,2024-04-02,abandoned_restart,self-employed,poor,mobile,36000,4,no,,28
APP-00987,USR-00288,2023-03-30,new_user,employed,good,mobile,26000,5,no,,38
APP-00988,USR-00695,2023-04-05,new_user,self-employed,fair,desktop,10000,5,no,,37
APP-00989,USR-00309,2024-03-27,new_user,unemployed,good,desktop,24000,2,no,,9
APP-00990,USR-00631,2024-03-03,new_user,employed,excellent,mobile,13000,7,yes,yes,26
APP-00991,USR-00375,2023-05-31,rejected_reapply,unemployed,excellent,tablet,46000,1,no,,4
APP-00992,USR-00904,2024-05-28,new_user,self-employed,good,mobile,34000,0,no,,8
APP-00993,USR-00144,2024-01-11,second_loan,employed,fair,desktop,29000,4,no,,8
APP-00994,USR-01267,2023-01-22,new_user,self-employed,good,tablet,36000,5,no,,38
APP-00995,USR-00242,2023-11-09,new_user,employed,fair,desktop,7000,5,no,,6
APP-00996,USR-01662,2024-06-02,rejected_reapply,student,excellent,tablet,30000,7,yes,yes,22
APP-00997,USR-01523,2023-07-25,new_user,self-employed,excellent,mobile,17000,1,no,,1
APP-00998,USR-01766,2024-01-10,abandoned_restart,employed,good,mobile,48000,4,no,,45
APP-00999,USR-01905,2024-03-26,second_loan,employed,fair,mobile,13000,0,no,,1
APP-01000,USR-00301,2023-06-28,new_user,self-employed,fair,mobile,24000,3,no,,16
APP-01001,USR-01696,2023-07-29,new_user,employed,poor,desktop,31000,4,no,,7
APP-01002,USR-00909,2024-05-14,abandoned_restart,employed,excellent,mobile,27000,5,no,,37
APP-01003,USR-01149,2024-04-08,new_user,employed,good,desktop,50000,2,no,,22
APP-01004,USR-01565,2023-05-04,new_user,employed,fair,mobile,21000,4,no,,20
APP-01005,USR-01464,2023-04-23,new_user,employed,good,mobile,44000,0,no,,9
APP-01006,USR-00607,2023-01-12,new_user,employed,excellent,desktop,1000,5,no,,67
APP-01007,USR-00971,2023-05-06,abandoned_restart,employed,poor,mobile,15000,1,no,,3
APP-01008,USR-00014,2023-11-27,new_user,self-employed,excellent,desktop,3000,1,no,,4
APP-01009,USR-00874,2023-10-10,new_user,employed,excellent,mobile,6000,5,no,,3
APP-01010,USR-01245,2023-05-20,abandoned_restart,employed,excellent,desktop,14000,5,no,,59
APP-01011,USR-00809,2024-02-05,new_user,employed,fair,mobile,38000,1,no,,4
APP-01012,USR-01685,2023-04-07,new_user,employed,fair,mobile,33000,5,no,,46
APP-01013,USR-00515,2024-05-31,abandoned_restart,employed,fair,desktop,38000,7,yes,no,25
APP-01014,USR-00099,2023-03-10,new_user,employed,fair,desktop,8000,5,no,,3
APP-01015,USR-00410,2023-04-28,abandoned_restart,employed,fair,mobile,26000,1,no,,11
APP-01016,USR-00562,2023-02-28,rejected_reapply,self-employed,good,mobile,15000,1,no,,2
APP-01017,USR-00314,2023-02-02,new_user,self-employed,good,mobile,14000,2,no,,24
APP-01018,USR-00672,2023-11-14,new_user,self-employed,excellent,mobile,48000,5,no,,44
APP-01019,USR-00207,2023-02-19,new_user,self-employed,poor,desktop,20000,1,no,,3
APP-01020,USR-01098,2024-05-03,new_user,self-employed,good,desktop,48000,7,yes,yes,26
APP-01021,USR-01375,2023-01-19,rejected_reapply,employed,good,mobile,19000,2,no,,5
APP-01022,USR-01125,2023-07-16,rejected_reapply,self-employed,good,mobile,33000,5,no,,22
APP-01023,USR-01188,2024-03-25,new_user,employed,excellent,desktop,36000,1,no,,1
APP-01024,USR-00383,2024-03-27,abandoned_restart,self-employed,good,mobile,24000,1,no,,3
APP-01025,USR-01453,2023-10-16,rejected_reapply,self-employed,excellent,desktop,10000,2,no,,6
APP-01026,USR-00309,2023-05-21,second_loan,employed,fair,mobile,50000,7,yes,no,33
APP-01027,USR-00415,2023-03-25,new_user,employed,good,desktop,34000,7,yes,no,27
APP-01028,USR-00553,2024-01-26,new_user,employed,poor,mobile,36000,2,no,,7
APP-01029,USR-00223,2023-08-03,new_user,self-employed,poor,desktop,47000,5,no,,3
APP-01030,USR-00774,2024-06-09,second_loan,self-employed,fair,mobile,36000,7,yes,no,33
APP-01031,USR-00009,2023-08-03,new_user,unemployed,poor,mobile,16000,1,no,,6
APP-01032,USR-01643,2024-02-07,new_user,employed,fair,desktop,15000,7,yes,yes,21
APP-01033,USR-00317,2023-05-08,new_user,self-employed,fair,mobile,18000,5,no,,9
APP-01034,USR-00428,2024-04-21,new_user,employed,poor,mobile,7000,2,no,,11
APP-01035,USR-01831,2024-02-08,new_user,unemployed,excellent,mobile,47000,6,no,,6
APP-01036,USR-00106,2023-01-29,second_loan,employed,poor,mobile,22000,7,yes,no,18
APP-01037,USR-01160,2023-12-04,new_user,employed,good,tablet,32000,5,no,,52
APP-01038,USR-01785,2023-12-27,new_user,employed,fair,desktop,43000,5,no,,3
APP-01039,USR-00122,2024-01-27,new_user,self-employed,excellent,mobile,19000,2,no,,17
APP-01040,USR-01862,2023-08-06,new_user,student,excellent,desktop,40000,7,yes,yes,12
APP-01041,USR-00871,2023-07-21,new_user,employed,good,mobile,1000,5,no,,12
APP-01042,USR-01581,2023-01-17,new_user,employed,good,tablet,35000,1,no,,1
APP-01043,USR-01371,2023-11-18,new_user,unemployed,poor,mobile,5000,1,no,,1
APP-01044,USR-00116,2024-06-01,new_user,employed,excellent,mobile,50000,7,yes,yes,16
APP-01045,USR-01339,2023-11-21,new_user,self-employed,excellent,mobile,12000,5,no,,23
APP-01046,USR-01061,2024-02-16,new_user,employed,excellent,mobile,12000,5,no,,28
APP-01047,USR-01868,2023-11-14,second_loan,employed,good,mobile,21000,5,no,,4
APP-01048,USR-00002,2023-03-23,rejected_reapply,self-employed,fair,mobile,19000,1,no,,7
APP-01049,USR-00242,2024-04-18,new_user,self-employed,excellent,desktop,9000,1,no,,6
APP-01050,USR-01331,2024-04-12,new_user,employed,fair,mobile,43000,5,no,,7
APP-01051,USR-01495,2024-02-29,rejected_reapply,employed,good,tablet,49000,5,no,,41
APP-01052,USR-00673,2023-07-23,new_user,self-employed,poor,mobile,48000,5,no,,23
APP-01053,USR-01583,2024-01-22,rejected_reapply,employed,excellent,desktop,36000,5,no,,5
APP-01054,USR-00592,2023-04-08,rejected_reapply,unemployed,poor,tablet,42000,1,no,,9
APP-01055,USR-00889,2023-12-11,new_user,employed,fair,desktop,47000,7,yes,no,19
APP-01056,USR-01456,2023-07-27,new_user,employed,good,desktop,32000,7,yes,yes,26
APP-01057,USR-01147,2024-05-28,second_loan,unemployed,good,desktop,35000,5,no,,39
APP-01058,USR-00157,2023-06-15,new_user,self-employed,good,mobile,31000,5,no,,6
APP-01059,USR-01848,2023-01-22,new_user,employed,fair,desktop,32000,5,no,,21
APP-01060,USR-00512,2023-06-03,new_user,self-employed,poor,mobile,37000,5,no,,9
APP-01061,USR-00801,2024-03-14,new_user,employed,good,mobile,32000,5,no,,62
APP-01062,USR-00158,2023-10-22,abandoned_restart,employed,excellent,mobile,43000,5,no,,48
APP-01063,USR-01270,2023-08-07,abandoned_restart,student,excellent,desktop,37000,0,no,,4
APP-01064,USR-00160,2024-05-09,second_loan,self-employed,good,mobile,39000,5,no,,8
APP-01065,USR-00607,2023-08-18,new_user,self-employed,excellent,mobile,38000,5,no,,48
APP-01066,USR-00338,2023-01-20,new_user,employed,good,mobile,30000,5,no,,3
APP-01067,USR-00274,2023-05-28,new_user,employed,good,tablet,32000,5,no,,48
APP-01068,USR-00072,2023-04-18,new_user,employed,good,mobile,45000,5,no,,42
APP-01069,USR-01489,2024-02-07,new_user,employed,good,mobile,2000,4,no,,3
APP-01070,USR-00395,2024-04-27,second_loan,self-employed,good,mobile,11000,7,yes,yes,32
APP-01071,USR-00584,2024-01-02,rejected_reapply,employed,good,tablet,20000,5,no,,34
APP-01072,USR-01644,2024-02-18,new_user,self-employed,fair,tablet,37000,0,no,,1
APP-01073,USR-01651,2023-11-05,abandoned_restart,employed,fair,desktop,9000,5,no,,31
APP-01074,USR-00501,2023-05-14,new_user,employed,poor,desktop,38000,4,no,,43
APP-01075,USR-00613,2023-10-10,new_user,employed,good,mobile,49000,7,yes,yes,32
APP-01076,USR-00106,2023-03-14,abandoned_restart,employed,fair,tablet,19000,5,no,,9
APP-01077,USR-00956,2024-04-25,new_user,employed,poor,mobile,40000,4,no,,32
APP-01078,USR-01017,2023-12-18,second_loan,student,good,mobile,7000,5,no,,10
APP-01079,USR-00150,2023-11-22,abandoned_restart,employed,good,mobile,5000,5,no,,7
APP-01080,USR-00580,2024-03-18,new_user,unemployed,good,mobile,47000,2,no,,11
APP-01081,USR-00206,2023-04-10,abandoned_restart,employed,good,desktop,42000,7,yes,yes,19
APP-01082,USR-00734,2023-02-28,new_user,student,excellent,mobile,24000,5,no,,30
APP-01083,USR-00527,2024-05-22,new_user,employed,excellent,tablet,48000,5,no,,43
APP-01084,USR-01154,2023-09-15,new_user,unemployed,excellent,mobile,41000,5,no,,3
APP-01085,USR-01906,2024-02-17,new_user,employed,good,mobile,7000,7,yes,yes,22
APP-01086,USR-00378,2024-03-27,abandoned_restart,self-employed,fair,mobile,11000,5,no,,34
APP-01087,USR-01724,2023-03-06,new_user,unemployed,excellent,desktop,9000,5,no,,41
APP-01088,USR-00960,2023-06-03,abandoned_restart,employed,fair,desktop,49000,7,yes,no,26
APP-01089,USR-01208,2023-09-23,new_user,employed,fair,mobile,30000,5,no,,7
APP-01090,USR-00387,2023-03-20,new_user,employed,good,mobile,41000,1,no,,6
APP-01091,USR-00199,2023-11-11,rejected_reapply,unemployed,poor,mobile,3000,5,no,,33
APP-01092,USR-01051,2023-09-05,new_user,employed,excellent,desktop,22000,7,yes,yes,10
APP-01093,USR-00591,2024-02-18,new_user,employed,good,tablet,40000,1,no,,6
APP-01094,USR-00520,2023-01-25,new_user,employed,good,mobile,20000,2,no,,17
APP-01095,USR-01698,2023-10-11,new_user,employed,good,desktop,32000,7,yes,yes,14
APP-01096,USR-00430,2024-03-24,new_user,self-employed,good,mobile,48000,2,no,,8
APP-01097,USR-01084,2023-10-28,abandoned_restart,employed,poor,mobile,7000,2,no,,11
APP-01098,USR-00208,2023-03-09,new_user,self-employed,good,tablet,7000,1,no,,6
APP-01099,USR-00492,2023-01-07,new_user,unemployed,good,mobile,20000,1,no,,12
APP-01100,USR-00792,2023-05-17,second_loan,employed,good,mobile,25000,5,no,,49
APP-01101,USR-00793,2023-06-13,new_user,self-employed,good,mobile,45000,2,no,,25
APP-01102,USR-00640,2023-03-24,rejected_reapply,employed,fair,mobile,35000,5,no,,5
APP-01103,USR-01462,2024-02-24,new_user,self-employed,fair,desktop,44000,2,no,,10
APP-01104,USR-01124,2023-03-14,new_user,employed,fair,desktop,24000,4,no,,43
APP-01105,USR-00084,2023-08-25,rejected_reapply,self-employed,fair,tablet,40000,7,yes,no,14
APP-01106,USR-00280,2023-02-15,new_user,employed,excellent,mobile,13000,5,no,,7
APP-01107,USR-00233,2023-09-19,abandoned_restart,employed,excellent,mobile,48000,5,no,,41
APP-01108,USR-00021,2023-06-25,new_user,employed,fair,mobile,39000,4,no,,31
APP-01109,USR-00227,2023-06-15,new_user,employed,good,mobile,4000,7,yes,yes,15
APP-01110,USR-01300,2024-01-05,new_user,self-employed,good,tablet,12000,2,no,,10
APP-01111,USR-01615,2023-02-23,new_user,employed,fair,desktop,17000,2,no,,16
APP-01112,USR-01046,2024-02-23,rejected_reapply,self-employed,fair,mobile,1000,0,no,,1
APP-01113,USR-01614,2024-05-21,new_user,employed,excellent,desktop,17000,5,no,,41
APP-01114,USR-00974,2023-12-07,second_loan,self-employed,good,desktop,2000,1,no,,7
APP-01115,USR-00884,2023-05-07,second_loan,employed,excellent,mobile,6000,5,no,,38
APP-01116,USR-01099,2024-02-13,new_user,employed,fair,desktop,44000,7,yes,no,21
APP-01117,USR-00665,2024-01-02,new_user,employed,good,mobile,11000,1,no,,2
APP-01118,USR-00655,2023-09-28,rejected_reapply,self-employed,fair,mobile,43000,4,no,,29
APP-01119,USR-00887,2024-01-14,second_loan,employed,fair,mobile,18000,4,no,,50
APP-01120,USR-01326,2023-03-14,new_user,unemployed,good,mobile,40000,7,yes,yes,18
APP-01121,USR-00172,2023-09-05,new_user,unemployed,fair,mobile,25000,2,no,,21
APP-01122,USR-01917,2023-02-12,new_user,employed,fair,mobile,39000,7,yes,yes,20
APP-01123,USR-01230,2024-01-12,abandoned_restart,self-employed,fair,mobile,28000,2,no,,18
APP-01124,USR-00570,2023-02-10,new_user,employed,poor,desktop,46000,4,no,,50
APP-01125,USR-00459,2023-06-19,abandoned_restart,employed,good,tablet,16000,7,yes,no,25
APP-01126,USR-00283,2023-07-31,new_user,self-employed,good,desktop,12000,1,no,,5
APP-01127,USR-00079,2024-05-07,new_user,self-employed,poor,mobile,41000,1,no,,8
APP-01128,USR-00879,2023-02-08,new_user,self-employed,fair,mobile,29000,5,no,,51
APP-01129,USR-01057,2024-01-04,new_user,employed,poor,mobile,23000,2,no,,11
APP-01130,USR-00907,2023-05-31,new_user,employed,good,mobile,21000,5,no,,44
APP-01131,USR-01568,2023-04-21,new_user,employed,poor,mobile,16000,5,no,,38
APP-01132,USR-00473,2024-04-24,new_user,self-employed,good,desktop,48000,2,no,,6
APP-01133,USR-00460,2024-03-11,new_user,employed,poor,desktop,41000,4,no,,7
APP-01134,USR-00381,2023-02-16,new_user,self-employed,fair,desktop,45000,7,yes,no,16
APP-01135,USR-01736,2024-01-01,second_loan,employed,excellent,mobile,26000,2,no,,18
APP-01136,USR-00268,2023-03-10,new_user,employed,good,mobile,37000,5,no,,3
APP-01137,USR-00716,2023-10-26,new_user,employed,poor,desktop,22000,5,no,,34
APP-01138,USR-01595,2023-10-23,new_user,employed,excellent,mobile,10000,1,no,,7
APP-01139,USR-00687,2023-07-22,second_loan,employed,good,mobile,7000,5,no,,4
APP-01140,USR-00005,2023-03-02,new_user,self-employed,excellent,mobile,9000,2,no,,13
APP-01141,USR-00306,2023-11-10,abandoned_restart,unemployed,good,mobile,25000,5,no,,7
APP-01142,USR-00210,2023-06-10,abandoned_restart,employed,good,mobile,46000,5,no,,35
APP-01143,USR-00390,2023-11-27,abandoned_restart,employed,excellent,desktop,15000,5,no,,34
APP-01144,USR-00022,2024-06-11,new_user,employed,fair,desktop,13000,5,no,,38
APP-01145,USR-01282,2023-12-04,abandoned_restart,unemployed,good,mobile,42000,1,no,,5
APP-01146,USR-00886,2023-10-31,new_user,employed,good,mobile,46000,3,no,,13
APP-01147,USR-01361,2024-05-17,new_user,unemployed,poor,desktop,26000,5,no,,7
APP-01148,USR-01818,2023-12-04,abandoned_restart,employed,poor,mobile,21000,3,no,,17
APP-01149,USR-01437,2023-10-02,new_user,employed,poor,mobile,23000,4,no,,8
APP-01150,USR-01382,2023-06-13,rejected_reapply,unemployed,good,mobile,44000,7,yes,yes,23
APP-01151,USR-00192,2024-03-18,new_user,employed,good,mobile,28000,2,no,,10
APP-01152,USR-01451,2023-11-15,rejected_reapply,employed,good,desktop,38000,5,no,,27
APP-01153,USR-00484,2024-05-18,new_user,employed,poor,desktop,12000,5,no,,41
APP-01154,USR-00916,2024-01-22,new_user,employed,good,mobile,24000,1,no,,6
APP-01155,USR-00278,2024-05-08,new_user,employed,excellent,mobile,13000,2,no,,21
APP-01156,USR-00989,2024-05-04,second_loan,self-employed,fair,mobile,40000,2,no,,10
APP-01157,USR-01217,2023-03-14,new_user,self-employed,good,mobile,48000,1,no,,4
APP-01158,USR-01356,2024-05-23,new_user,employed,good,tablet,2000,1,no,,2
APP-01159,USR-00572,2024-01-25,new_user,unemployed,good,desktop,39000,5,no,,20
APP-01160,USR-00994,2023-10-22,abandoned_restart,employed,good,mobile,12000,5,no,,6
APP-01161,USR-00586,2024-01-04,new_user,employed,excellent,desktop,39000,1,no,,9
APP-01162,USR-01365,2023-07-06,new_user,employed,fair,desktop,14000,4,no,,34
APP-01163,USR-00467,2024-03-20,new_user,employed,excellent,desktop,30000,5,no,,42
APP-01164,USR-01689,2023-12-29,new_user,employed,fair,mobile,41000,2,no,,5
APP-01165,USR-00675,2023-05-03,new_user,student,fair,mobile,50000,2,no,,10
APP-01166,USR-01407,2023-07-07,new_user,employed,poor,desktop,43000,4,no,,49
APP-01167,USR-00856,2024-02-24,abandoned_restart,employed,good,mobile,48000,2,no,,19
APP-01168,USR-00448,2023-09-09,new_user,employed,good,tablet,19000,7,yes,yes,24
APP-01169,USR-01808,2023-12-01,new_user,self-employed,fair,desktop,31000,5,no,,42
APP-01170,USR-00682,2023-04-02,new_user,unemployed,fair,tablet,43000,1,no,,5
APP-01171,USR-00393,2024-06-13,second_loan,employed,excellent,mobile,50000,5,no,,13
APP-01172,USR-00017,2023-03-04,second_loan,employed,excellent,desktop,43000,2,no,,8
APP-01173,USR-01426,2024-05-26,rejected_reapply,employed,good,mobile,25000,7,yes,yes,28
APP-01174,USR-00392,2023-05-19,new_user,employed,good,tablet,4000,2,no,,5
APP-01175,USR-00295,2023-07-04,new_user,employed,good,mobile,50000,5,no,,5
APP-01176,USR-00589,2023-07-24,new_user,employed,fair,mobile,13000,5,no,,4
APP-01177,USR-01220,2023-08-02,new_user,employed,excellent,desktop,36000,7,yes,yes,31
APP-01178,USR-01518,2023-09-13,new_user,employed,poor,mobile,42000,5,no,,34
APP-01179,USR-01314,2023-05-15,abandoned_restart,employed,good,mobile,37000,7,yes,no,18
APP-01180,USR-00462,2023-03-29,rejected_reapply,unemployed,fair,tablet,3000,1,no,,12
APP-01181,USR-00426,2023-07-26,rejected_reapply,unemployed,good,mobile,16000,5,no,,5
APP-01182,USR-00535,2023-05-09,new_user,employed,good,desktop,26000,5,no,,28
APP-01183,USR-01055,2023-01-03,abandoned_restart,employed,good,mobile,40000,7,yes,yes,20
APP-01184,USR-01552,2023-05-01,new_user,employed,poor,desktop,39000,2,no,,26
APP-01185,USR-00018,2024-01-20,new_user,employed,good,desktop,19000,3,no,,5
APP-01186,USR-01193,2023-02-07,abandoned_restart,self-employed,fair,mobile,46000,1,no,,6
APP-01187,USR-00133,2023-12-07,new_user,employed,fair,mobile,15000,0,no,,6
APP-01188,USR-01528,2023-01-21,new_user,unemployed,poor,mobile,32000,1,no,,1
APP-01189,USR-01519,2023-08-30,new_user,unemployed,good,mobile,49000,5,no,,46
APP-01190,USR-01788,2024-03-30,abandoned_restart,employed,good,mobile,21000,5,no,,37
APP-01191,USR-00191,2023-10-30,abandoned_restart,employed,good,desktop,1000,5,no,,29
APP-01192,USR-01690,2023-03-10,new_user,employed,good,mobile,6000,5,no,,7
APP-01193,USR-00557,2023-05-09,rejected_reapply,employed,good,mobile,27000,3,no,,7
APP-01194,USR-01705,2023-07-15,new_user,employed,good,desktop,23000,7,yes,no,17
APP-01195,USR-01399,2023-05-20,new_user,employed,fair,mobile,47000,5,no,,47
APP-01196,USR-00816,2024-03-19,abandoned_restart,unemployed,fair,mobile,31000,0,no,,4
APP-01197,USR-00571,2023-10-10,abandoned_restart,employed,good,mobile,12000,5,no,,32
APP-01198,USR-00353,2023-11-08,second_loan,employed,good,mobile,21000,7,yes,yes,25
APP-01199,USR-00092,2024-06-18,new_user,self-employed,excellent,desktop,2000,1,no,,1
APP-01200,USR-01844,2023-10-04,abandoned_restart,self-employed,excellent,desktop,5000,1,no,,3
APP-01201,USR-00321,2023-03-02,abandoned_restart,employed,fair,mobile,9000,5,no,,34
APP-01202,USR-01171,2023-11-15,rejected_reapply,unemployed,poor,mobile,20000,5,no,,8
APP-01203,USR-00152,2023-02-21,new_user,employed,good,mobile,46000,2,no,,5
APP-01204,USR-01227,2023-06-02,abandoned_restart,employed,fair,mobile,18000,1,no,,5
APP-01205,USR-01211,2023-11-07,new_user,employed,poor,tablet,22000,5,no,,43
APP-01206,USR-00698,2024-06-27,new_user,employed,excellent,mobile,8000,2,no,,19
APP-01207,USR-00570,2024-01-24,new_user,self-employed,fair,mobile,34000,1,no,,6
APP-01208,USR-00349,2023-06-26,new_user,self-employed,excellent,mobile,9000,0,no,,10
APP-01209,USR-01479,2023-12-28,new_user,self-employed,good,desktop,7000,0,no,,7
APP-01210,USR-00699,2023-11-10,rejected_reapply,employed,good,desktop,30000,7,yes,yes,19
APP-01211,USR-01903,2023-04-07,new_user,employed,fair,desktop,18000,7,yes,no,19
APP-01212,USR-01138,2023-08-01,abandoned_restart,employed,fair,desktop,27000,5,no,,37
APP-01213,USR-01496,2023-05-17,new_user,employed,good,mobile,16000,5,no,,3
APP-01214,USR-00131,2023-01-06,new_user,self-employed,fair,mobile,21000,2,no,,23
APP-01215,USR-00796,2023-04-19,new_user,self-employed,fair,mobile,5000,2,no,,14
APP-01216,USR-00973,2023-02-08,new_user,employed,fair,desktop,29000,4,no,,11
APP-01217,USR-00125,2024-02-29,new_user,employed,fair,desktop,47000,7,yes,yes,14
APP-01218,USR-00454,2023-09-18,new_user,employed,fair,mobile,37000,5,no,,26
APP-01219,USR-00914,2024-03-01,new_user,employed,good,desktop,43000,6,no,,36
APP-01220,USR-01200,2023-03-28,new_user,employed,fair,desktop,22000,6,no,,3
APP-01221,USR-01554,2024-04-09,new_user,employed,poor,desktop,14000,7,yes,no,18
APP-01222,USR-00038,2023-03-17,new_user,employed,good,mobile,19000,4,no,,45
APP-01223,USR-00975,2024-04-15,new_user,employed,excellent,desktop,35000,2,no,,23
APP-01224,USR-01148,2024-02-18,rejected_reapply,employed,fair,mobile,24000,5,no,,12
APP-01225,USR-00984,2024-04-01,rejected_reapply,employed,poor,desktop,42000,0,no,,5
APP-01226,USR-00049,2023-10-12,abandoned_restart,self-employed,good,tablet,6000,1,no,,2
APP-01227,USR-00040,2023-08-27,new_user,employed,excellent,mobile,3000,5,no,,22
APP-01228,USR-00510,2024-01-07,abandoned_restart,student,good,desktop,34000,7,yes,yes,18
APP-01229,USR-00170,2024-05-09,rejected_reapply,employed,good,desktop,45000,0,no,,8
APP-01230,USR-00738,2023-02-14,abandoned_restart,employed,fair,mobile,50000,2,no,,8
APP-01231,USR-01293,2024-02-05,new_user,employed,good,mobile,2000,2,no,,8
APP-01232,USR-01219,2023-09-04,abandoned_restart,employed,poor,mobile,15000,4,no,,3
APP-01233,USR-01579,2024-03-25,rejected_reapply,self-employed,good,tablet,37000,5,no,,9
APP-01234,USR-00635,2024-04-29,new_user,employed,good,desktop,15000,7,yes,yes,32
APP-01235,USR-01600,2023-01-18,abandoned_restart,unemployed,excellent,mobile,32000,1,no,,2
APP-01236,USR-00580,2023-10-16,new_user,unemployed,fair,mobile,21000,2,no,,11
APP-01237,USR-01838,2024-02-18,new_user,employed,poor,mobile,17000,3,no,,7
APP-01238,USR-01369,2023-08-23,new_user,employed,good,mobile,34000,3,no,,5
APP-01239,USR-00893,2024-02-20,abandoned_restart,self-employed,good,mobile,32000,1,no,,1
APP-01240,USR-01540,2024-05-13,new_user,employed,good,mobile,50000,5,no,,3
APP-01241,USR-00781,2023-04-25,new_user,self-employed,fair,mobile,47000,1,no,,8
APP-01242,USR-00160,2023-08-22,new_user,employed,fair,mobile,23000,4,no,,6
APP-01243,USR-01289,2024-06-23,new_user,employed,good,desktop,35000,2,no,,13
APP-01244,USR-01378,2023-01-11,new_user,employed,fair,tablet,37000,5,no,,3
APP-01245,USR-00373,2023-07-25,abandoned_restart,employed,excellent,desktop,43000,4,no,,30
APP-01246,USR-00062,2023-09-04,abandoned_restart,unemployed,good,desktop,41000,3,no,,26
APP-01247,USR-00850,2023-05-07,new_user,employed,good,mobile,37000,5,no,,10
APP-01248,USR-01851,2023-05-27,new_user,self-employed,good,mobile,33000,2,no,,14
APP-01249,USR-00419,2023-04-28,new_user,employed,good,mobile,25000,5,no,,22
APP-01250,USR-01044,2024-01-17,rejected_reapply,employed,fair,desktop,46000,5,no,,5
APP-01251,USR-00700,2024-02-16,new_user,employed,excellent,tablet,37000,5,no,,5
APP-01252,USR-01612,2023-12-29,new_user,employed,fair,desktop,40000,7,yes,no,26
APP-01253,USR-01350,2024-05-23,new_user,employed,good,desktop,21000,5,no,,6
APP-01254,USR-01071,2023-05-17,abandoned_restart,employed,fair,desktop,46000,1,no,,5
APP-01255,USR-00054,2023-06-24,rejected_reapply,self-employed,good,mobile,48000,1,no,,1
APP-01256,USR-01913,2023-10-16,rejected_reapply,employed,fair,mobile,38000,4,no,,36
APP-01257,USR-00506,2024-04-25,abandoned_restart,employed,fair,mobile,40000,5,no,,11
APP-01258,USR-00753,2023-01-19,new_user,self-employed,excellent,mobile,34000,7,yes,yes,22
APP-01259,USR-00128,2023-07-14,new_user,self-employed,fair,desktop,19000,2,no,,14
APP-01260,USR-01703,2023-11-26,new_user,employed,good,mobile,27000,1,no,,11
APP-01261,USR-01664,2023-06-24,new_user,employed,excellent,mobile,9000,5,no,,44
APP-01262,USR-01409,2024-03-24,new_user,unemployed,poor,mobile,5000,1,no,,3
APP-01263,USR-01131,2023-12-20,new_user,employed,good,mobile,5000,5,no,,4
APP-01264,USR-00277,2024-05-13,new_user,employed,fair,mobile,25000,7,yes,yes,19
APP-01265,USR-00772,2023-05-21,rejected_reapply,employed,poor,mobile,26000,5,no,,8
APP-01266,USR-00564,2023-04-03,abandoned_restart,self-employed,good,mobile,19000,5,no,,3
APP-01267,USR-01878,2023-08-27,rejected_reapply,employed,excellent,desktop,30000,7,yes,yes,18
APP-01268,USR-00226,2023-07-24,abandoned_restart,student,poor,mobile,36000,1,no,,4
APP-01269,USR-01086,2024-03-08,new_user,employed,good,desktop,48000,5,no,,3
APP-01270,USR-01428,2023-09-02,abandoned_restart,self-employed,good,desktop,48000,2,no,,12
APP-01271,USR-01424,2023-11-13,new_user,employed,excellent,desktop,16000,2,no,,25
APP-01272,USR-00511,2023-10-22,abandoned_restart,employed,poor,desktop,7000,2,no,,12
APP-01273,USR-00403,2023-10-09,new_user,unemployed,good,mobile,18000,0,no,,1
APP-01274,USR-01398,2023-01-17,second_loan,employed,good,mobile,21000,6,no,,5
APP-01275,USR-01444,2023-03-12,new_user,employed,good,mobile,31000,5,no,,22
APP-01276,USR-01164,2023-09-26,new_user,employed,excellent,mobile,1000,5,no,,33
APP-01277,USR-00964,2023-11-21,rejected_reapply,employed,excellent,tablet,3000,2,no,,5
APP-01278,USR-01607,2023-11-01,new_user,employed,poor,desktop,31000,5,no,,33
APP-01279,USR-00399,2024-03-26,abandoned_restart,self-employed,good,mobile,25000,7,yes,yes,26
APP-01280,USR-00585,2023-01-07,abandoned_restart,employed,fair,mobile,8000,5,no,,48
APP-01281,USR-00949,2023-11-10,rejected_reapply,employed,fair,mobile,1000,4,no,,33
APP-01282,USR-00705,2023-04-13,second_loan,employed,good,desktop,7000,6,no,,51
APP-01283,USR-00432,2023-07-12,second_loan,self-employed,fair,desktop,7000,1,no,,9
APP-01284,USR-00293,2024-06-12,new_user,self-employed,good,desktop,8000,2,no,,5
APP-01285,USR-00146,2023-06-20,rejected_reapply,employed,excellent,tablet,19000,7,yes,yes,35
APP-01286,USR-01728,2024-06-20,abandoned_restart,employed,poor,mobile,17000,0,no,,2
APP-01287,USR-01826,2023-09-08,abandoned_restart,unemployed,excellent,mobile,11000,5,no,,33
APP-01288,USR-01166,2024-01-22,new_user,employed,good,mobile,47000,6,no,,33
APP-01289,USR-00003,2023-07-26,abandoned_restart,unemployed,good,mobile,41000,7,yes,yes,16
APP-01290,USR-00577,2024-06-24,second_loan,unemployed,excellent,tablet,49000,1,no,,7
APP-01291,USR-00640,2024-02-20,rejected_reapply,self-employed,fair,mobile,11000,5,no,,35
APP-01292,USR-00340,2024-01-15,new_user,employed,good,desktop,38000,7,yes,yes,26
APP-01293,USR-01323,2023-05-24,new_user,self-employed,good,mobile,41000,2,no,,8
APP-01294,USR-00926,2023-01-25,new_user,self-employed,fair,mobile,50000,1,no,,6
APP-01295,USR-00266,2023-03-14,rejected_reapply,employed,excellent,mobile,2000,1,no,,2
APP-01296,USR-00377,2023-04-03,abandoned_restart,employed,excellent,mobile,4000,1,no,,6
APP-01297,USR-01551,2024-05-19,new_user,employed,poor,desktop,50000,3,no,,8
APP-01298,USR-00272,2023-12-02,new_user,employed,poor,mobile,28000,5,no,,55
APP-01299,USR-00697,2024-02-29,new_user,employed,good,desktop,33000,7,yes,yes,19
APP-01300,USR-00088,2024-05-13,new_user,employed,poor,desktop,11000,7,yes,no,21
APP-01301,USR-00245,2023-12-30,rejected_reapply,employed,good,mobile,3000,5,no,,43
APP-01302,USR-01858,2023-07-18,abandoned_restart,employed,poor,desktop,40000,4,no,,49
APP-01303,USR-00477,2024-02-17,new_user,employed,good,mobile,5000,1,no,,5
APP-01304,USR-01408,2023-12-05,new_user,self-employed,poor,desktop,21000,7,yes,no,29
APP-01305,USR-01673,2024-03-04,new_user,unemployed,fair,desktop,22000,4,no,,6
APP-01306,USR-01539,2023-05-19,second_loan,employed,good,tablet,37000,5,no,,40
APP-01307,USR-01394,2024-06-25,new_user,employed,good,mobile,11000,5,no,,49
APP-01308,USR-00388,2023-02-26,new_user,employed,excellent,mobile,44000,5,no,,7
APP-01309,USR-00460,2023-08-20,new_user,self-employed,excellent,mobile,22000,1,no,,4
APP-01310,USR-00489,2024-03-10,abandoned_restart,self-employed,fair,mobile,41000,4,no,,46
APP-01311,USR-00251,2024-01-19,abandoned_restart,unemployed,poor,desktop,13000,7,yes,no,30
APP-01312,USR-00414,2023-07-13,abandoned_restart,employed,excellent,tablet,3000,5,no,,20
APP-01313,USR-00593,2024-06-17,new_user,student,excellent,mobile,13000,2,no,,15
APP-01314,USR-01194,2024-06-01,new_user,employed,excellent,mobile,28000,5,no,,56
APP-01315,USR-00021,2023-07-04,new_user,self-employed,poor,mobile,11000,5,no,,4
APP-01316,USR-00311,2023-10-19,abandoned_restart,employed,excellent,mobile,11000,3,no,,14
APP-01317,USR-00894,2023-12-01,new_user,unemployed,fair,mobile,21000,2,no,,5
APP-01318,USR-01132,2023-04-26,new_user,employed,good,mobile,21000,2,no,,11
APP-01319,USR-00493,2023-02-18,rejected_reapply,self-employed,excellent,desktop,7000,2,no,,23
APP-01320,USR-00016,2023-03-23,rejected_reapply,self-employed,fair,mobile,17000,5,no,,5
APP-01321,USR-01668,2023-11-29,new_user,employed,excellent,mobile,48000,2,no,,16
APP-01322,USR-00722,2023-12-01,new_user,employed,fair,desktop,14000,5,no,,40
APP-01323,USR-00921,2024-06-15,new_user,unemployed,excellent,mobile,33000,1,no,,2
APP-01324,USR-00982,2023-08-09,abandoned_restart,employed,fair,desktop,11000,7,yes,yes,16
APP-01325,USR-00685,2023-11-19,rejected_reapply,employed,excellent,desktop,13000,5,no,,7
APP-01326,USR-00628,2023-01-03,new_user,employed,poor,desktop,1000,7,yes,no,28
APP-01327,USR-00364,2023-07-25,new_user,employed,good,mobile,34000,5,no,,8
APP-01328,USR-00670,2023-02-09,rejected_reapply,employed,good,mobile,9000,5,no,,3
APP-01329,USR-00183,2023-02-28,rejected_reapply,employed,good,desktop,13000,7,yes,yes,19
APP-01330,USR-00986,2024-05-21,new_user,employed,fair,desktop,37000,5,no,,42
APP-01331,USR-01660,2023-05-02,new_user,employed,good,mobile,30000,2,no,,16
APP-01332,USR-01195,2024-04-23,new_user,unemployed,fair,mobile,41000,7,yes,no,22
APP-01333,USR-01914,2023-04-06,new_user,student,good,mobile,45000,1,no,,7
APP-01334,USR-00373,2024-02-18,rejected_reapply,self-employed,fair,mobile,37000,5,no,,38
APP-01335,USR-01122,2023-08-23,rejected_reapply,employed,excellent,mobile,47000,7,yes,no,19
APP-01336,USR-00188,2023-03-03,abandoned_restart,unemployed,poor,mobile,7000,5,no,,7
APP-01337,USR-00620,2023-09-13,new_user,employed,fair,mobile,14000,7,yes,yes,25
APP-01338,USR-01819,2023-12-14,rejected_reapply,employed,fair,desktop,48000,4,no,,3
APP-01339,USR-01176,2023-05-04,new_user,unemployed,good,mobile,6000,3,no,,19
APP-01340,USR-01740,2024-04-26,new_user,self-employed,fair,desktop,34000,2,no,,5
APP-01341,USR-00190,2023-11-13,new_user,self-employed,good,desktop,16000,1,no,,5
APP-01342,USR-00615,2024-05-18,new_user,self-employed,excellent,mobile,37000,2,no,,17
APP-01343,USR-01796,2023-02-17,abandoned_restart,employed,good,desktop,36000,3,no,,11
APP-01344,USR-00995,2024-02-13,new_user,employed,good,desktop,46000,7,yes,yes,31
APP-01345,USR-00935,2023-05-16,new_user,self-employed,poor,mobile,6000,1,no,,1
APP-01346,USR-00372,2023-07-20,new_user,employed,good,mobile,8000,5,no,,34
APP-01347,USR-01603,2023-09-07,new_user,employed,fair,mobile,24000,5,no,,30
APP-01348,USR-01899,2023-11-10,new_user,self-employed,good,tablet,3000,7,yes,no,10
APP-01349,USR-00594,2024-01-03,new_user,self-employed,fair,desktop,4000,5,no,,9
APP-01350,USR-00727,2024-03-04,rejected_reapply,employed,good,mobile,32000,5,no,,33
APP-01351,USR-00827,2024-04-24,new_user,self-employed,fair,desktop,1000,7,yes,no,17
APP-01352,USR-00688,2023-11-10,new_user,self-employed,excellent,mobile,34000,1,no,,6
APP-01353,USR-00367,2024-05-14,new_user,self-employed,poor,mobile,45000,5,no,,35
APP-01354,USR-00137,2023-12-21,rejected_reapply,employed,good,desktop,9000,7,yes,yes,19
APP-01355,USR-00629,2024-04-29,new_user,employed,poor,mobile,12000,4,no,,38
APP-01356,USR-00335,2023-07-30,new_user,employed,good,desktop,10000,3,no,,25
APP-01357,USR-01771,2023-02-13,new_user,employed,excellent,desktop,10000,7,yes,yes,15
APP-01358,USR-00377,2024-06-24,new_user,employed,good,desktop,50000,5,no,,43
APP-01359,USR-01110,2023-04-02,new_user,employed,good,mobile,44000,5,no,,7
APP-01360,USR-01545,2023-09-22,abandoned_restart,employed,excellent,desktop,48000,1,no,,8
APP-01361,USR-00401,2023-08-08,abandoned_restart,unemployed,good,tablet,23000,5,no,,20
APP-01362,USR-00711,2024-03-17,new_user,employed,good,mobile,6000,5,no,,29
APP-01363,USR-01040,2024-02-05,abandoned_restart,self-employed,good,mobile,24000,1,no,,1
APP-01364,USR-00682,2024-02-04,abandoned_restart,self-employed,good,mobile,24000,5,no,,33
APP-01365,USR-00277,2024-05-04,new_user,employed,poor,desktop,21000,0,no,,6
APP-01366,USR-01729,2024-04-29,new_user,unemployed,excellent,desktop,42000,4,no,,3
APP-01367,USR-00489,2024-04-14,new_user,employed,good,mobile,31000,5,no,,9
APP-01368,USR-00053,2024-03-20,new_user,employed,poor,desktop,47000,5,no,,40
APP-01369,USR-01113,2023-09-26,abandoned_restart,self-employed,good,mobile,41000,4,no,,13
APP-01370,USR-00466,2023-09-24,rejected_reapply,employed,fair,desktop,30000,7,yes,no,30
APP-01371,USR-01224,2023-02-23,second_loan,self-employed,poor,mobile,34000,2,no,,25
APP-01372,USR-01628,2024-06-11,abandoned_restart,employed,good,mobile,18000,1,no,,4
APP-01373,USR-00976,2024-06-03,new_user,self-employed,excellent,mobile,12000,5,no,,47
APP-01374,USR-00113,2023-02-28,new_user,employed,excellent,mobile,35000,5,no,,49
APP-01375,USR-01105,2023-02-09,rejected_reapply,self-employed,excellent,desktop,7000,1,no,,1
APP-01376,USR-01744,2023-08-25,new_user,employed,excellent,mobile,41000,1,no,,8
APP-01377,USR-00339,2024-01-21,abandoned_restart,self-employed,poor,mobile,40000,4,no,,9
APP-01378,USR-01737,2023-10-27,abandoned_restart,self-employed,fair,mobile,25000,7,yes,yes,25
APP-01379,USR-01598,2024-01-30,abandoned_restart,employed,excellent,mobile,6000,4,no,,37
APP-01380,USR-00490,2023-07-26,rejected_reapply,self-employed,fair,desktop,1000,7,yes,no,27
APP-01381,USR-01919,2023-12-02,new_user,employed,good,desktop,46000,3,no,,10
APP-01382,USR-01400,2024-05-28,abandoned_restart,unemployed,good,mobile,16000,0,no,,1
APP-01383,USR-00477,2023-06-27,rejected_reapply,employed,fair,mobile,48000,5,no,,37
APP-01384,USR-00817,2024-01-31,new_user,self-employed,excellent,mobile,4000,1,no,,5
APP-01385,USR-01068,2024-01-06,abandoned_restart,self-employed,good,tablet,29000,5,no,,8
APP-01386,USR-00275,2023-11-14,new_user,employed,good,tablet,38000,5,no,,20
APP-01387,USR-00419,2024-01-04,second_loan,employed,excellent,desktop,47000,5,no,,43
APP-01388,USR-00866,2024-01-19,new_user,employed,good,tablet,28000,5,no,,9
APP-01389,USR-00102,2023-03-03,new_user,self-employed,fair,desktop,22000,5,no,,8
APP-01390,USR-01847,2024-05-19,new_user,employed,good,desktop,8000,1,no,,8
APP-01391,USR-00108,2023-08-27,abandoned_restart,employed,excellent,mobile,32000,5,no,,10
APP-01392,USR-01792,2023-07-14,new_user,self-employed,good,mobile,33000,5,no,,5
APP-01393,USR-00131,2023-08-10,new_user,employed,good,mobile,13000,5,no,,26
APP-01394,USR-00316,2023-03-02,new_user,self-employed,good,mobile,27000,3,no,,15
APP-01395,USR-01832,2023-05-09,rejected_reapply,employed,fair,desktop,18000,2,no,,8
APP-01396,USR-01895,2023-06-05,new_user,employed,excellent,mobile,18000,5,no,,8
APP-01397,USR-01671,2024-01-13,new_user,self-employed,excellent,mobile,13000,7,yes,yes,28
APP-01398,USR-00225,2024-03-12,abandoned_restart,employed,fair,mobile,22000,0,no,,1
APP-01399,USR-00387,2023-07-26,new_user,employed,poor,mobile,14000,7,yes,no,18
APP-01400,USR-01653,2024-01-23,rejected_reapply,unemployed,excellent,mobile,11000,5,no,,42
APP-01401,USR-01795,2024-04-24,new_user,employed,excellent,tablet,39000,2,no,,14
APP-01402,USR-00713,2023-12-06,abandoned_restart,student,excellent,desktop,50000,1,no,,4
APP-01403,USR-00073,2023-12-06,new_user,student,excellent,desktop,22000,5,no,,24
APP-01404,USR-00264,2023-07-23,new_user,employed,good,mobile,36000,7,yes,yes,25
APP-01405,USR-00201,2023-06-10,abandoned_restart,employed,good,mobile,17000,5,no,,4
APP-01406,USR-00482,2024-06-23,new_user,self-employed,good,mobile,32000,5,no,,37
APP-01407,USR-00206,2024-01-27,abandoned_restart,employed,poor,desktop,14000,4,no,,3
APP-01408,USR-00338,2024-06-17,new_user,employed,good,mobile,42000,5,no,,20
APP-01409,USR-01268,2023-03-11,new_user,self-employed,good,mobile,29000,1,no,,4
APP-01410,USR-01172,2024-02-09,new_user,employed,good,desktop,6000,7,yes,yes,30
APP-01411,USR-00460,2024-05-31,second_loan,unemployed,good,mobile,50000,2,no,,15
APP-01412,USR-01763,2023-04-30,new_user,employed,good,mobile,4000,4,no,,31
APP-01413,USR-00455,2023-08-05,new_user,employed,fair,mobile,11000,1,no,,3
APP-01414,USR-01717,2023-02-25,new_user,employed,fair,mobile,45000,2,no,,5
APP-01415,USR-00406,2024-01-01,new_user,student,fair,mobile,40000,7,yes,no,15
APP-01416,USR-00758,2024-05-18,new_user,self-employed,fair,mobile,10000,1,no,,7
APP-01417,USR-01911,2024-03-30,rejected_reapply,self-employed,excellent,desktop,28000,7,yes,yes,31
APP-01418,USR-00664,2023-04-14,new_user,employed,fair,desktop,11000,7,yes,no,16
APP-01419,USR-01564,2023-03-18,rejected_reapply,employed,fair,mobile,35000,7,yes,yes,15
APP-01420,USR-00098,2023-08-18,new_user,employed,good,desktop,15000,5,no,,33
APP-01421,USR-01334,2023-09-15,abandoned_restart,employed,good,mobile,8000,0,no,,2
APP-01422,USR-00551,2023-09-21,rejected_reapply,employed,fair,mobile,20000,3,no,,22
APP-01423,USR-00744,2023-11-27,new_user,self-employed,good,mobile,50000,7,yes,yes,22
APP-01424,USR-00807,2023-07-01,second_loan,employed,good,desktop,21000,5,no,,21
APP-01425,USR-00187,2023-01-27,new_user,unemployed,fair,mobile,1000,7,yes,yes,28
APP-01426,USR-00331,2023-10-03,rejected_reapply,employed,fair,desktop,29000,7,yes,yes,13
APP-01427,USR-00253,2023-10-26,abandoned_restart,student,excellent,desktop,24000,5,no,,57
APP-01428,USR-01790,2023-04-01,new_user,employed,excellent,mobile,30000,5,no,,52
APP-01429,USR-01676,2024-04-24,new_user,employed,good,desktop,40000,5,no,,37
APP-01430,USR-00149,2024-04-02,new_user,employed,poor,tablet,35000,7,yes,no,21
APP-01431,USR-01473,2024-03-26,new_user,employed,good,mobile,33000,5,no,,6
APP-01432,USR-01719,2023-12-31,new_user,employed,good,mobile,20000,2,no,,7
APP-01433,USR-01584,2023-12-17,new_user,employed,fair,desktop,16000,3,no,,14
APP-01434,USR-01735,2024-02-04,new_user,employed,good,desktop,9000,7,yes,yes,12
APP-01435,USR-00693,2023-09-10,abandoned_restart,self-employed,good,mobile,31000,5,no,,3
APP-01436,USR-00819,2024-04-03,new_user,self-employed,fair,mobile,17000,5,no,,29
APP-01437,USR-01387,2024-05-13,new_user,self-employed,good,mobile,31000,7,yes,no,11
APP-01438,USR-00036,2024-05-22,abandoned_restart,employed,excellent,mobile,48000,5,no,,4
APP-01439,USR-01725,2023-10-31,new_user,self-employed,fair,mobile,23000,4,no,,42
APP-01440,USR-00684,2024-05-15,new_user,employed,excellent,tablet,6000,5,no,,45
APP-01441,USR-00702,2023-06-15,new_user,employed,poor,desktop,30000,5,no,,6
APP-01442,USR-00981,2024-02-19,rejected_reapply,employed,excellent,mobile,7000,7,yes,yes,32
APP-01443,USR-00922,2024-04-06,rejected_reapply,employed,fair,desktop,48000,1,no,,4
APP-01444,USR-01425,2023-04-24,new_user,employed,poor,desktop,40000,7,yes,no,15
APP-01445,USR-00906,2024-03-08,abandoned_restart,employed,good,mobile,42000,7,yes,yes,29
APP-01446,USR-00455,2023-12-22,new_user,employed,good,mobile,46000,3,no,,6
APP-01447,USR-01778,2023-07-26,abandoned_restart,self-employed,excellent,mobile,11000,1,no,,8
APP-01448,USR-00231,2023-08-23,abandoned_restart,self-employed,fair,desktop,34000,2,no,,14
APP-01449,USR-00620,2024-03-17,abandoned_restart,student,fair,mobile,12000,7,yes,no,18
APP-01450,USR-00168,2023-12-21,new_user,self-employed,good,tablet,45000,2,no,,8
APP-01451,USR-00731,2024-05-29,new_user,employed,good,mobile,47000,7,yes,no,21
APP-01452,USR-00270,2023-07-27,new_user,unemployed,fair,mobile,27000,7,yes,no,26
APP-01453,USR-01311,2023-05-05,rejected_reapply,unemployed,good,mobile,12000,1,no,,4
APP-01454,USR-00027,2023-05-18,new_user,employed,good,mobile,13000,5,no,,52
APP-01455,USR-01610,2023-12-05,rejected_reapply,employed,excellent,desktop,8000,7,yes,yes,22
APP-01456,USR-01823,2024-06-20,second_loan,student,excellent,tablet,16000,0,no,,4
APP-01457,USR-00099,2023-03-09,new_user,employed,fair,mobile,29000,2,no,,12
APP-01458,USR-00998,2024-06-24,abandoned_restart,unemployed,good,tablet,35000,5,no,,32
APP-01459,USR-01177,2024-01-18,abandoned_restart,employed,fair,desktop,29000,5,no,,34
APP-01460,USR-01041,2023-01-19,second_loan,employed,good,mobile,31000,5,no,,13
APP-01461,USR-00131,2024-03-25,second_loan,employed,good,desktop,13000,2,no,,10
APP-01462,USR-01505,2023-03-15,abandoned_restart,employed,excellent,mobile,12000,5,no,,53
APP-01463,USR-00294,2023-10-03,new_user,self-employed,good,mobile,2000,2,no,,13
APP-01464,USR-01380,2023-02-17,abandoned_restart,student,excellent,mobile,33000,5,no,,43
APP-01465,USR-00042,2023-07-30,new_user,employed,excellent,desktop,8000,5,no,,45
APP-01466,USR-01491,2024-06-23,abandoned_restart,employed,excellent,mobile,41000,7,yes,yes,23
APP-01467,USR-00414,2023-07-10,rejected_reapply,self-employed,excellent,desktop,40000,2,no,,19
APP-01468,USR-00439,2023-11-11,new_user,self-employed,good,desktop,49000,5,no,,5
APP-01469,USR-01645,2023-04-23,abandoned_restart,employed,fair,mobile,41000,5,no,,49
APP-01470,USR-01506,2023-06-19,new_user,employed,fair,mobile,32000,7,yes,no,21
APP-01471,USR-00610,2024-04-12,new_user,self-employed,poor,mobile,38000,5,no,,39
APP-01472,USR-01133,2023-01-14,new_user,self-employed,good,mobile,28000,5,no,,63
APP-01473,USR-00029,2023-10-15,abandoned_restart,employed,good,mobile,15000,2,no,,15
APP-01474,USR-00442,2023-07-08,rejected_reapply,employed,good,mobile,23000,5,no,,3
APP-01475,USR-01842,2023-06-04,rejected_reapply,student,excellent,mobile,24000,1,no,,2
APP-01476,USR-00191,2024-04-15,new_user,self-employed,excellent,mobile,13000,2,no,,11
APP-01477,USR-00494,2023-03-16,rejected_reapply,employed,fair,mobile,21000,1,no,,2
APP-01478,USR-01259,2023-10-04,abandoned_restart,employed,fair,mobile,12000,5,no,,4
APP-01479,USR-01302,2023-12-09,new_user,self-employed,good,desktop,13000,1,no,,6
APP-01480,USR-00184,2024-02-29,new_user,employed,fair,tablet,39000,2,no,,5
APP-01481,USR-01383,2024-05-25,new_user,employed,good,mobile,23000,5,no,,7
APP-01482,USR-01305,2023-07-01,rejected_reapply,employed,good,mobile,50000,5,no,,9
APP-01483,USR-00237,2024-04-02,abandoned_restart,employed,good,mobile,46000,2,no,,20
APP-01484,USR-00552,2023-03-05,abandoned_restart,self-employed,excellent,mobile,43000,5,no,,4
APP-01485,USR-00521,2023-09-17,new_user,employed,excellent,mobile,28000,2,no,,13
APP-01486,USR-00509,2023-07-12,abandoned_restart,self-employed,poor,desktop,14000,7,yes,no,26
APP-01487,USR-01233,2024-02-10,new_user,employed,good,tablet,17000,5,no,,38
APP-01488,USR-01139,2023-04-03,new_user,employed,good,mobile,24000,5,no,,41
APP-01489,USR-00721,2024-03-05,abandoned_restart,employed,fair,desktop,34000,5,no,,28
APP-01490,USR-00736,2024-03-09,new_user,unemployed,poor,mobile,48000,1,no,,1
APP-01491,USR-00128,2024-02-08,rejected_reapply,unemployed,good,mobile,22000,5,no,,6
APP-01492,USR-00059,2024-03-09,new_user,employed,fair,mobile,10000,7,yes,yes,22
APP-01493,USR-00632,2023-04-22,abandoned_restart,self-employed,fair,mobile,8000,0,no,,5
APP-01494,USR-01182,2024-01-10,new_user,self-employed,good,mobile,21000,1,no,,4
APP-01495,USR-00563,2023-02-28,new_user,student,good,mobile,37000,5,no,,9
APP-01496,USR-00593,2023-02-12,new_user,employed,fair,mobile,7000,7,yes,no,23
APP-01497,USR-01304,2023-07-26,new_user,self-employed,poor,mobile,26000,1,no,,10
APP-01498,USR-01388,2023-10-23,rejected_reapply,employed,excellent,desktop,13000,7,yes,yes,28
APP-01499,USR-00854,2023-04-28,new_user,employed,poor,tablet,16000,5,no,,27
APP-01500,USR-00940,2024-06-15,rejected_reapply,student,excellent,mobile,30000,5,no,,41
APP-01501,USR-01077,2023-08-10,second_loan,employed,good,mobile,31000,2,no,,5
APP-01502,USR-01250,2023-06-15,new_user,employed,fair,mobile,5000,5,no,,45
APP-01503,USR-00905,2023-06-05,new_user,employed,fair,desktop,32000,5,no,,29
APP-01504,USR-01280,2023-07-03,abandoned_restart,self-employed,poor,mobile,16000,1,no,,1
APP-01505,USR-00572,2023-03-31,second_loan,self-employed,fair,mobile,47000,5,no,,36
APP-01506,USR-00805,2023-04-04,rejected_reapply,employed,poor,mobile,9000,5,no,,54
APP-01507,USR-00340,2023-01-13,new_user,student,good,mobile,22000,5,no,,33
APP-01508,USR-01704,2024-03-13,abandoned_restart,employed,fair,mobile,44000,5,no,,47
APP-01509,USR-01143,2024-06-21,new_user,employed,good,tablet,40000,6,no,,58
APP-01510,USR-00660,2023-05-30,second_loan,unemployed,good,desktop,45000,4,no,,8
APP-01511,USR-00707,2023-01-08,second_loan,employed,fair,mobile,37000,7,yes,no,16
APP-01512,USR-00081,2023-01-29,new_user,employed,poor,mobile,14000,5,no,,10
APP-01513,USR-01023,2023-10-23,new_user,employed,poor,mobile,16000,5,no,,25
APP-01514,USR-00746,2023-12-06,new_user,self-employed,poor,mobile,43000,4,no,,33
APP-01515,USR-00130,2024-03-14,new_user,employed,good,desktop,20000,5,no,,49
APP-01516,USR-01708,2023-05-24,rejected_reapply,unemployed,fair,mobile,44000,1,no,,6
APP-01517,USR-00514,2024-06-02,new_user,self-employed,good,mobile,15000,5,no,,45
APP-01518,USR-00082,2023-02-14,new_user,employed,good,mobile,44000,5,no,,7
APP-01519,USR-00700,2023-08-27,new_user,self-employed,good,desktop,26000,7,yes,no,20
APP-01520,USR-01309,2023-06-04,second_loan,employed,good,desktop,9000,5,no,,39
APP-01521,USR-00915,2023-06-30,abandoned_restart,employed,good,mobile,1000,1,no,,3
APP-01522,USR-01405,2023-08-03,new_user,self-employed,fair,mobile,35000,7,yes,no,29
APP-01523,USR-00147,2023-03-29,new_user,student,poor,mobile,44000,5,no,,47
APP-01524,USR-01109,2023-09-13,second_loan,employed,good,tablet,20000,5,no,,4
APP-01525,USR-00151,2024-05-25,rejected_reapply,employed,fair,mobile,45000,5,no,,5
APP-01526,USR-00775,2023-03-14,new_user,employed,good,mobile,6000,5,no,,24
APP-01527,USR-00330,2023-06-28,new_user,employed,good,mobile,42000,3,no,,32
APP-01528,USR-00007,2023-07-31,new_user,employed,good,desktop,10000,5,no,,4
APP-01529,USR-00944,2023-08-22,new_user,employed,good,mobile,48000,5,no,,6
APP-01530,USR-01909,2024-04-09,new_user,self-employed,good,mobile,33000,5,no,,35
APP-01531,USR-00735,2023-08-11,rejected_reapply,employed,good,mobile,16000,5,no,,42
APP-01532,USR-00910,2023-09-21,new_user,employed,good,desktop,36000,5,no,,29
APP-01533,USR-00469,2023-07-26,rejected_reapply,self-employed,good,desktop,6000,5,no,,43
APP-01534,USR-00182,2024-01-01,new_user,self-employed,good,desktop,19000,5,no,,50
APP-01535,USR-00165,2023-10-03,abandoned_restart,employed,excellent,mobile,31000,2,no,,9
APP-01536,USR-01767,2024-01-15,abandoned_restart,employed,good,mobile,2000,5,no,,38
APP-01537,USR-00452,2023-11-05,new_user,self-employed,good,tablet,18000,7,yes,no,15
APP-01538,USR-00491,2023-09-25,new_user,employed,good,mobile,42000,0,no,,9
APP-01539,USR-01732,2023-03-05,abandoned_restart,employed,good,desktop,28000,2,no,,5
APP-01540,USR-01144,2023-12-16,new_user,self-employed,poor,desktop,4000,1,no,,5
APP-01541,USR-01312,2024-05-08,new_user,employed,excellent,mobile,1000,2,no,,16
APP-01542,USR-00139,2024-06-06,new_user,employed,poor,mobile,47000,4,no,,28
APP-01543,USR-01112,2023-04-08,second_loan,employed,good,desktop,42000,2,no,,21
APP-01544,USR-00096,2023-03-12,new_user,employed,good,desktop,50000,5,no,,8
APP-01545,USR-01442,2023-12-30,rejected_reapply,employed,excellent,mobile,16000,7,yes,yes,14
APP-01546,USR-01573,2023-10-03,new_user,student,poor,mobile,45000,5,no,,46
APP-01547,USR-01780,2023-02-19,abandoned_restart,employed,good,mobile,47000,5,no,,41
APP-01548,USR-00099,2023-12-24,new_user,employed,good,mobile,2000,6,no,,4
APP-01549,USR-01772,2024-04-29,rejected_reapply,employed,fair,mobile,36000,3,no,,14
APP-01550,USR-00407,2023-03-25,new_user,unemployed,poor,mobile,1000,5,no,,24
APP-01551,USR-00081,2023-10-23,abandoned_restart,employed,good,tablet,39000,5,no,,36
APP-01552,USR-00461,2023-08-24,abandoned_restart,employed,good,desktop,23000,7,yes,yes,20
APP-01553,USR-00348,2023-02-25,new_user,unemployed,poor,desktop,26000,5,no,,40
APP-01554,USR-00328,2023-12-26,new_user,employed,good,mobile,11000,5,no,,37
APP-01555,USR-00443,2023-04-20,new_user,employed,good,mobile,42000,2,no,,18
APP-01556,USR-00647,2023-07-11,new_user,employed,good,tablet,1000,5,no,,6
APP-01557,USR-01652,2023-04-03,rejected_reapply,employed,excellent,mobile,11000,1,no,,4
APP-01558,USR-00833,2023-03-01,new_user,employed,good,mobile,24000,7,yes,yes,11
APP-01559,USR-00563,2023-02-08,new_user,self-employed,excellent,mobile,10000,1,no,,5
APP-01560,USR-01816,2024-06-23,abandoned_restart,employed,excellent,desktop,14000,3,no,,17
APP-01561,USR-01415,2023-02-18,new_user,employed,fair,desktop,14000,4,no,,46
APP-01562,USR-01202,2024-02-24,new_user,employed,fair,mobile,7000,7,yes,yes,29
APP-01563,USR-01500,2023-01-13,new_user,employed,good,desktop,23000,5,no,,33
APP-01564,USR-00099,2023-02-05,second_loan,employed,good,mobile,43000,7,yes,yes,19
APP-01565,USR-00087,2023-04-11,rejected_reapply,unemployed,good,mobile,22000,5,no,,8
APP-01566,USR-01404,2023-03-27,rejected_reapply,employed,good,desktop,36000,7,yes,yes,26
APP-01567,USR-00162,2024-05-30,new_user,self-employed,good,desktop,27000,5,no,,31
APP-01568,USR-01482,2023-08-11,abandoned_restart,employed,good,mobile,2000,5,no,,45
APP-01569,USR-00778,2023-12-04,new_user,employed,poor,mobile,39000,5,no,,11
APP-01570,USR-01791,2023-06-15,new_user,employed,excellent,desktop,46000,5,no,,51
APP-01571,USR-00055,2024-01-18,new_user,employed,fair,desktop,19000,7,yes,yes,34
APP-01572,USR-00247,2024-01-11,new_user,employed,excellent,desktop,7000,5,no,,28
APP-01573,USR-01288,2024-04-15,new_user,employed,poor,mobile,12000,4,no,,23
APP-01574,USR-00217,2023-01-31,new_user,self-employed,excellent,tablet,3000,1,no,,5
APP-01575,USR-01886,2024-01-10,new_user,employed,poor,tablet,47000,5,no,,51
APP-01576,USR-01246,2023-01-11,new_user,employed,fair,mobile,5000,0,no,,5
APP-01577,USR-00114,2023-10-29,abandoned_restart,employed,poor,desktop,8000,2,no,,10
APP-01578,USR-01137,2023-04-06,new_user,employed,good,mobile,14000,5,no,,30
APP-01579,USR-00988,2023-07-09,abandoned_restart,employed,excellent,mobile,36000,2,no,,13
APP-01580,USR-00502,2024-03-28,new_user,employed,good,desktop,7000,5,no,,9
APP-01581,USR-01883,2023-07-11,rejected_reapply,employed,excellent,mobile,7000,5,no,,5
APP-01582,USR-01010,2024-04-30,new_user,self-employed,good,mobile,50000,5,no,,3
APP-01583,USR-01199,2023-09-23,new_user,unemployed,good,desktop,46000,2,no,,23
APP-01584,USR-01395,2024-02-28,new_user,employed,excellent,mobile,32000,5,no,,50
APP-01585,USR-00590,2023-05-08,abandoned_restart,employed,fair,mobile,8000,1,no,,12
APP-01586,USR-00769,2023-08-26,rejected_reapply,unemployed,fair,tablet,12000,4,no,,42
APP-01587,USR-00018,2023-12-21,new_user,employed,excellent,mobile,10000,5,no,,40
APP-01588,USR-01043,2023-04-22,new_user,employed,excellent,mobile,14000,5,no,,49
APP-01589,USR-01448,2024-03-21,rejected_reapply,employed,excellent,mobile,9000,0,no,,1
APP-01590,USR-00283,2023-12-09,abandoned_restart,employed,excellent,mobile,38000,5,no,,35
APP-01591,USR-00286,2023-05-25,new_user,employed,poor,desktop,30000,5,no,,51
APP-01592,USR-01501,2023-03-06,new_user,employed,excellent,desktop,5000,7,yes,yes,22
APP-01593,USR-00429,2023-09-04,new_user,employed,good,mobile,1000,0,no,,1
APP-01594,USR-01329,2024-05-04,abandoned_restart,employed,excellent,desktop,1000,5,no,,43
APP-01595,USR-01624,2024-03-14,new_user,self-employed,good,mobile,20000,5,no,,55
APP-01596,USR-00670,2023-04-16,second_loan,employed,good,mobile,49000,5,no,,45
APP-01597,USR-00032,2023-06-30,new_user,employed,good,desktop,11000,5,no,,51
APP-01598,USR-01342,2023-07-03,new_user,employed,fair,desktop,26000,5,no,,9
APP-01599,USR-00723,2023-08-14,new_user,self-employed,poor,mobile,44000,1,no,,1
APP-01600,USR-00952,2023-03-30,rejected_reapply,self-employed,excellent,mobile,3000,5,no,,6
APP-01601,USR-00663,2024-06-13,rejected_reapply,self-employed,excellent,mobile,6000,2,no,,11
APP-01602,USR-00215,2024-01-06,new_user,employed,poor,mobile,43000,5,no,,10
APP-01603,USR-00990,2024-02-03,abandoned_restart,self-employed,good,mobile,45000,1,no,,1
APP-01604,USR-01165,2023-04-16,new_user,self-employed,good,desktop,11000,5,no,,36
APP-01605,USR-00327,2023-09-28,new_user,employed,good,mobile,8000,5,no,,42
APP-01606,USR-00561,2024-05-17,new_user,employed,fair,desktop,29000,4,no,,20
APP-01607,USR-01384,2024-06-08,new_user,employed,excellent,mobile,10000,5,no,,35
APP-01608,USR-01087,2023-02-01,new_user,self-employed,good,mobile,34000,1,no,,7
APP-01609,USR-00692,2024-01-28,rejected_reapply,employed,good,mobile,24000,7,yes,no,29
APP-01610,USR-00342,2023-02-09,new_user,employed,good,mobile,46000,5,no,,39
APP-01611,USR-00148,2023-08-06,second_loan,unemployed,poor,desktop,48000,1,no,,2
APP-01612,USR-00386,2023-03-23,new_user,self-employed,good,mobile,17000,2,no,,11
APP-01613,USR-00233,2023-07-20,abandoned_restart,unemployed,fair,mobile,32000,2,no,,10
APP-01614,USR-01108,2024-03-22,new_user,student,fair,desktop,11000,7,yes,no,17
APP-01615,USR-00849,2024-03-03,new_user,employed,good,desktop,34000,5,no,,4
APP-01616,USR-00967,2023-02-07,new_user,self-employed,excellent,mobile,24000,2,no,,10
APP-01617,USR-01073,2023-07-30,new_user,employed,good,mobile,5000,5,no,,32
APP-01618,USR-00027,2024-03-19,abandoned_restart,unemployed,fair,desktop,29000,4,no,,9
APP-01619,USR-00156,2023-11-23,new_user,employed,good,tablet,48000,5,no,,4
APP-01620,USR-00035,2023-08-15,abandoned_restart,student,excellent,desktop,48000,7,yes,yes,20
APP-01621,USR-01923,2023-02-17,new_user,self-employed,good,mobile,34000,1,no,,7
APP-01622,USR-01003,2023-01-18,new_user,self-employed,excellent,tablet,16000,6,no,,43
APP-01623,USR-00113,2024-03-14,new_user,employed,good,mobile,25000,5,no,,31
APP-01624,USR-00386,2023-07-06,rejected_reapply,employed,good,mobile,37000,3,no,,5
APP-01625,USR-00177,2023-12-11,abandoned_restart,self-employed,poor,desktop,8000,1,no,,10
APP-01626,USR-01185,2023-08-12,new_user,employed,fair,mobile,29000,5,no,,29
APP-01627,USR-01525,2024-05-02,new_user,self-employed,fair,mobile,46000,1,no,,3
APP-01628,USR-00710,2023-08-17,new_user,employed,good,mobile,25000,2,no,,7
APP-01629,USR-01204,2024-01-25,second_loan,self-employed,excellent,mobile,42000,2,no,,6
APP-01630,USR-00314,2023-07-07,abandoned_restart,employed,excellent,desktop,23000,1,no,,5
APP-01631,USR-00664,2023-09-27,new_user,self-employed,poor,desktop,34000,2,no,,12
APP-01632,USR-01843,2023-11-06,new_user,self-employed,fair,mobile,3000,6,no,,29
APP-01633,USR-01770,2023-05-12,new_user,employed,fair,mobile,30000,5,no,,28
APP-01634,USR-00331,2023-03-13,second_loan,employed,fair,tablet,50000,3,no,,10
APP-01635,USR-00876,2023-07-06,new_user,employed,good,desktop,34000,2,no,,20
APP-01636,USR-00955,2024-04-30,abandoned_restart,employed,excellent,mobile,32000,5,no,,45
APP-01637,USR-00939,2023-07-10,new_user,employed,excellent,tablet,29000,5,no,,5
APP-01638,USR-00640,2024-02-26,abandoned_restart,self-employed,good,desktop,9000,2,no,,25
APP-01639,USR-01553,2023-04-30,abandoned_restart,employed,excellent,mobile,2000,0,no,,4
APP-01640,USR-00347,2023-08-08,abandoned_restart,employed,good,mobile,39000,3,no,,19
APP-01641,USR-00323,2023-02-22,abandoned_restart,employed,fair,mobile,7000,5,no,,34
APP-01642,USR-00475,2024-03-26,rejected_reapply,employed,good,desktop,46000,4,no,,30
APP-01643,USR-01699,2024-02-16,new_user,employed,good,mobile,5000,5,no,,3
APP-01644,USR-00386,2023-08-25,new_user,student,good,mobile,8000,1,no,,2
APP-01645,USR-00608,2024-02-10,new_user,unemployed,fair,mobile,32000,5,no,,40
APP-01646,USR-00686,2024-02-26,second_loan,employed,fair,tablet,18000,4,no,,33
APP-01647,USR-00009,2023-09-04,new_user,employed,fair,mobile,38000,1,no,,4
APP-01648,USR-00244,2023-03-13,abandoned_restart,self-employed,excellent,tablet,46000,2,no,,12
APP-01649,USR-00092,2023-07-04,abandoned_restart,employed,good,tablet,18000,3,no,,10
APP-01650,USR-00937,2023-01-06,new_user,employed,good,mobile,49000,5,no,,8
APP-01651,USR-00058,2023-07-25,new_user,employed,good,mobile,41000,5,no,,3
APP-01652,USR-00313,2024-06-27,new_user,employed,fair,mobile,45000,5,no,,28
APP-01653,USR-01460,2024-01-22,new_user,student,good,tablet,16000,7,yes,yes,24
APP-01654,USR-00202,2023-03-17,new_user,self-employed,excellent,mobile,21000,5,no,,37
APP-01655,USR-00628,2023-06-26,new_user,employed,good,mobile,10000,5,no,,25
APP-01656,USR-01333,2023-12-15,rejected_reapply,employed,excellent,mobile,42000,2,no,,14
APP-01657,USR-00969,2023-09-12,second_loan,self-employed,fair,mobile,4000,2,no,,13
APP-01658,USR-01455,2023-11-04,new_user,self-employed,poor,tablet,44000,1,no,,8
APP-01659,USR-00661,2023-12-11,new_user,self-employed,excellent,desktop,8000,2,no,,22
APP-01660,USR-00936,2023-05-07,new_user,self-employed,excellent,desktop,47000,2,no,,5
APP-01661,USR-00371,2023-10-14,abandoned_restart,employed,excellent,mobile,19000,2,no,,21
APP-01662,USR-00567,2024-05-01,rejected_reapply,self-employed,good,mobile,47000,4,no,,47
APP-01663,USR-01025,2024-01-18,new_user,self-employed,excellent,tablet,40000,1,no,,4
APP-01664,USR-00825,2024-02-10,new_user,employed,excellent,mobile,40000,7,yes,yes,17
APP-01665,USR-00983,2024-01-23,abandoned_restart,self-employed,excellent,tablet,9000,5,no,,3
APP-01666,USR-00422,2024-06-08,abandoned_restart,employed,good,mobile,30000,0,no,,6
APP-01667,USR-01759,2023-10-03,new_user,employed,fair,mobile,17000,5,no,,4
APP-01668,USR-01646,2024-05-14,abandoned_restart,employed,excellent,desktop,40000,5,no,,7
APP-01669,USR-01370,2023-12-03,new_user,employed,good,tablet,44000,1,no,,1
APP-01670,USR-00041,2024-04-25,new_user,employed,good,tablet,15000,2,no,,28
APP-01671,USR-00638,2023-09-30,abandoned_restart,employed,good,mobile,4000,2,no,,21
APP-01672,USR-00814,2023-02-27,rejected_reapply,employed,good,mobile,6000,5,no,,39
APP-01673,USR-01431,2023-11-24,new_user,employed,good,mobile,16000,5,no,,35
APP-01674,USR-00779,2023-04-19,rejected_reapply,employed,poor,desktop,26000,5,no,,62
APP-01675,USR-01321,2023-10-06,new_user,employed,excellent,desktop,37000,7,yes,yes,22
APP-01676,USR-00659,2023-11-24,abandoned_restart,self-employed,good,mobile,23000,1,no,,10
APP-01677,USR-01486,2023-11-11,new_user,employed,good,tablet,13000,5,no,,5
APP-01678,USR-01053,2024-04-18,rejected_reapply,employed,poor,desktop,47000,4,no,,4
APP-01679,USR-00677,2023-04-21,rejected_reapply,unemployed,poor,desktop,17000,7,yes,no,26
APP-01680,USR-01014,2023-08-17,new_user,self-employed,fair,mobile,27000,1,no,,1
APP-01681,USR-01402,2024-05-11,rejected_reapply,unemployed,good,mobile,22000,0,no,,5
APP-01682,USR-00033,2023-06-05,rejected_reapply,employed,poor,tablet,37000,4,no,,36
APP-01683,USR-00181,2024-04-17,abandoned_restart,employed,excellent,mobile,19000,5,no,,13
APP-01684,USR-01130,2023-09-29,new_user,self-employed,fair,desktop,39000,5,no,,39
APP-01685,USR-00127,2023-01-02,rejected_reapply,employed,fair,tablet,35000,4,no,,11
APP-01686,USR-00888,2024-05-25,rejected_reapply,employed,fair,desktop,13000,1,no,,4
APP-01687,USR-00670,2023-10-13,new_user,employed,poor,mobile,14000,0,no,,1
APP-01688,USR-01348,2023-01-13,second_loan,self-employed,good,mobile,48000,5,no,,45
APP-01689,USR-01008,2024-05-12,new_user,employed,excellent,mobile,31000,7,yes,yes,21
APP-01690,USR-00356,2023-08-26,new_user,unemployed,good,mobile,45000,5,no,,5
APP-01691,USR-01004,2023-04-04,new_user,unemployed,fair,mobile,2000,7,yes,no,21
APP-01692,USR-01484,2023-12-04,new_user,employed,fair,mobile,46000,2,no,,13
APP-01693,USR-00683,2023-06-20,abandoned_restart,self-employed,good,mobile,39000,5,no,,40
APP-01694,USR-00828,2024-04-11,new_user,self-employed,excellent,mobile,37000,5,no,,43
APP-01695,USR-01701,2023-05-23,second_loan,self-employed,fair,mobile,14000,2,no,,12
APP-01696,USR-00103,2023-07-20,new_user,employed,good,mobile,9000,5,no,,24
APP-01697,USR-01784,2023-06-29,new_user,self-employed,good,mobile,10000,2,no,,23
APP-01698,USR-00985,2023-12-30,new_user,employed,fair,desktop,7000,5,no,,3
APP-01699,USR-01234,2024-04-23,new_user,unemployed,good,mobile,28000,5,no,,51
APP-01700,USR-00570,2024-04-15,rejected_reapply,employed,poor,mobile,46000,7,yes,no,22
APP-01701,USR-01777,2024-01-19,abandoned_restart,employed,good,desktop,25000,5,no,,25
APP-01702,USR-00141,2024-02-21,rejected_reapply,self-employed,fair,desktop,46000,5,no,,48
APP-01703,USR-00218,2023-11-04,new_user,self-employed,good,mobile,28000,1,no,,4
APP-01704,USR-00226,2024-01-02,new_user,employed,poor,desktop,2000,7,yes,yes,29
APP-01705,USR-00014,2023-01-01,new_user,employed,excellent,tablet,17000,7,yes,yes,19
APP-01706,USR-00302,2023-02-13,new_user,employed,fair,desktop,4000,2,no,,23
APP-01707,USR-00675,2023-04-08,new_user,student,excellent,mobile,13000,1,no,,5
APP-01708,USR-01739,2023-09-22,abandoned_restart,self-employed,excellent,desktop,18000,2,no,,11
APP-01709,USR-00023,2023-05-20,new_user,self-employed,excellent,mobile,3000,7,yes,yes,26
APP-01710,USR-00712,2024-04-25,abandoned_restart,employed,good,mobile,37000,5,no,,6
APP-01711,USR-01158,2023-08-25,new_user,employed,good,tablet,33000,7,yes,yes,24
APP-01712,USR-01757,2023-03-13,new_user,self-employed,fair,mobile,41000,1,no,,7
APP-01713,USR-00872,2023-07-09,abandoned_restart,self-employed,fair,tablet,24000,2,no,,10
APP-01714,USR-01749,2023-09-25,new_user,employed,good,mobile,8000,5,no,,45
APP-01715,USR-00011,2023-11-17,rejected_reapply,unemployed,fair,tablet,35000,1,no,,6
APP-01716,USR-00131,2023-04-17,abandoned_restart,employed,excellent,mobile,2000,2,no,,21
APP-01717,USR-00096,2023-08-20,new_user,employed,poor,mobile,33000,4,no,,7
APP-01718,USR-01307,2023-02-11,second_loan,employed,good,mobile,12000,5,no,,38
APP-01719,USR-00344,2023-05-19,new_user,employed,good,mobile,22000,7,yes,no,28
APP-01720,USR-01316,2023-09-30,new_user,employed,good,mobile,13000,7,yes,yes,24
APP-01721,USR-00755,2024-04-25,abandoned_restart,employed,good,desktop,10000,5,no,,38
APP-01722,USR-00627,2024-02-20,new_user,employed,poor,mobile,17000,5,no,,8
APP-01723,USR-00095,2024-05-20,rejected_reapply,self-employed,good,desktop,43000,7,yes,yes,20
APP-01724,USR-01752,2024-02-28,rejected_reapply,employed,fair,mobile,5000,2,no,,8
APP-01725,USR-00130,2024-02-11,second_loan,employed,excellent,mobile,9000,5,no,,45
APP-01726,USR-01709,2024-01-25,new_user,employed,good,tablet,13000,5,no,,41
APP-01727,USR-00844,2023-12-08,new_user,employed,excellent,mobile,23000,7,yes,yes,23
APP-01728,USR-00324,2024-05-07,abandoned_restart,self-employed,poor,desktop,30000,4,no,,29
APP-01729,USR-00065,2023-07-11,new_user,employed,fair,desktop,43000,5,no,,3
APP-01730,USR-01733,2024-05-13,new_user,self-employed,fair,mobile,4000,5,no,,8
APP-01731,USR-01285,2023-08-21,new_user,self-employed,poor,tablet,21000,1,no,,9
APP-01732,USR-01672,2023-08-15,new_user,employed,fair,desktop,43000,1,no,,7
APP-01733,USR-01181,2024-01-06,new_user,employed,good,mobile,9000,2,no,,8
APP-01734,USR-00015,2023-05-19,rejected_reapply,employed,fair,desktop,7000,5,no,,8
APP-01735,USR-00398,2023-05-29,rejected_reapply,employed,good,mobile,16000,7,yes,yes,18
APP-01736,USR-00948,2023-04-25,new_user,self-employed,excellent,mobile,23000,2,no,,5
APP-01737,USR-00216,2024-03-25,new_user,employed,good,tablet,23000,7,yes,yes,23
APP-01738,USR-00648,2023-03-04,new_user,employed,fair,desktop,31000,6,no,,8
APP-01739,USR-00298,2023-04-14,rejected_reapply,employed,fair,desktop,5000,5,no,,10
APP-01740,USR-01183,2023-09-30,new_user,employed,good,desktop,6000,7,yes,no,30
APP-01741,USR-00167,2023-01-06,abandoned_restart,employed,fair,desktop,1000,7,yes,yes,15
APP-01742,USR-01872,2023-05-27,new_user,employed,good,tablet,48000,5,no,,46
APP-01743,USR-00865,2023-07-03,abandoned_restart,employed,fair,mobile,28000,2,no,,21
APP-01744,USR-01659,2023-01-28,new_user,employed,excellent,mobile,18000,5,no,,5
APP-01745,USR-00517,2023-04-29,abandoned_restart,self-employed,good,mobile,24000,1,no,,7
APP-01746,USR-01546,2023-10-20,new_user,unemployed,good,desktop,13000,5,no,,3
APP-01747,USR-00598,2024-01-06,abandoned_restart,employed,fair,mobile,33000,3,no,,8
APP-01748,USR-00196,2023-09-01,new_user,employed,fair,mobile,10000,4,no,,8
APP-01749,USR-01278,2023-08-06,abandoned_restart,student,good,mobile,7000,7,yes,yes,19
APP-01750,USR-00289,2023-06-26,rejected_reapply,employed,good,tablet,37000,5,no,,9
APP-01751,USR-00951,2023-10-26,new_user,employed,fair,desktop,32000,7,yes,yes,24
APP-01752,USR-01435,2023-02-27,rejected_reapply,employed,fair,mobile,45000,0,no,,5
APP-01753,USR-00444,2023-09-26,new_user,self-employed,fair,mobile,22000,5,no,,37
APP-01754,USR-01021,2023-11-04,new_user,employed,good,mobile,16000,7,yes,yes,31
APP-01755,USR-01121,2023-10-15,new_user,student,fair,mobile,24000,5,no,,50
APP-01756,USR-01884,2023-04-15,new_user,self-employed,good,mobile,14000,2,no,,11
APP-01757,USR-00550,2023-08-16,abandoned_restart,self-employed,good,tablet,11000,7,yes,yes,26
APP-01758,USR-00157,2023-09-04,abandoned_restart,self-employed,good,tablet,19000,5,no,,10
APP-01759,USR-00420,2024-05-08,new_user,employed,excellent,mobile,23000,5,no,,20
APP-01760,USR-00923,2023-03-24,new_user,employed,excellent,mobile,34000,5,no,,43
APP-01761,USR-00700,2023-07-05,rejected_reapply,unemployed,good,mobile,40000,5,no,,38
APP-01762,USR-00478,2023-09-09,rejected_reapply,student,poor,mobile,13000,7,yes,yes,19
APP-01763,USR-01925,2023-12-21,new_user,employed,good,mobile,39000,5,no,,40
APP-01764,USR-01693,2023-07-29,second_loan,unemployed,good,mobile,44000,1,no,,7
APP-01765,USR-00565,2024-03-22,new_user,employed,good,mobile,28000,1,no,,3
APP-01766,USR-00485,2024-04-04,new_user,employed,good,desktop,40000,7,yes,yes,18
APP-01767,USR-01524,2024-04-16,rejected_reapply,employed,fair,desktop,16000,7,yes,yes,18
APP-01768,USR-01472,2024-01-05,new_user,employed,good,desktop,50000,7,yes,no,27
APP-01769,USR-00554,2024-05-06,new_user,employed,fair,mobile,28000,5,no,,5
APP-01770,USR-01203,2023-05-17,new_user,employed,good,tablet,4000,5,no,,11
APP-01771,USR-00391,2024-01-02,rejected_reapply,employed,fair,tablet,28000,2,no,,6
APP-01772,USR-00579,2023-07-03,rejected_reapply,employed,good,mobile,12000,5,no,,40
APP-01773,USR-01670,2023-10-14,new_user,employed,poor,mobile,16000,4,no,,48
APP-01774,USR-00198,2024-04-16,new_user,student,good,mobile,49000,5,no,,3
APP-01775,USR-00687,2024-01-10,new_user,employed,good,mobile,36000,7,yes,yes,19
APP-01776,USR-00104,2024-06-20,new_user,employed,fair,mobile,20000,4,no,,37
APP-01777,USR-01640,2024-05-25,new_user,employed,good,mobile,26000,7,yes,no,21
APP-01778,USR-00821,2023-09-07,abandoned_restart,employed,good,mobile,26000,5,no,,59
APP-01779,USR-00503,2024-05-24,new_user,self-employed,good,mobile,22000,2,no,,15
APP-01780,USR-01007,2023-03-14,new_user,employed,fair,mobile,9000,1,no,,8
APP-01781,USR-01249,2023-10-09,new_user,self-employed,good,tablet,5000,7,yes,no,29
APP-01782,USR-00561,2023-12-26,new_user,employed,good,mobile,17000,1,no,,5
APP-01783,USR-00665,2023-01-10,rejected_reapply,employed,good,desktop,49000,7,yes,yes,22
APP-01784,USR-00993,2023-07-30,new_user,employed,good,mobile,34000,5,no,,8
APP-01785,USR-00143,2023-06-01,new_user,employed,good,mobile,2000,5,no,,6
APP-01786,USR-00575,2023-01-05,new_user,employed,fair,mobile,7000,5,no,,27
APP-01787,USR-01047,2023-07-14,new_user,employed,fair,mobile,36000,5,no,,42
APP-01788,USR-00422,2023-10-10,new_user,employed,poor,mobile,13000,1,no,,4
APP-01789,USR-01661,2024-04-08,new_user,employed,fair,mobile,20000,5,no,,11
APP-01790,USR-01715,2023-04-23,new_user,student,good,mobile,30000,5,no,,49
APP-01791,USR-00800,2023-09-28,new_user,employed,good,desktop,30000,2,no,,5
APP-01792,USR-00511,2023-06-12,new_user,employed,fair,mobile,11000,5,no,,7
APP-01793,USR-00616,2024-04-04,new_user,employed,excellent,desktop,31000,2,no,,10
APP-01794,USR-01319,2023-04-15,second_loan,employed,good,mobile,3000,5,no,,21
APP-01795,USR-00296,2023-10-09,new_user,employed,excellent,desktop,2000,1,no,,8
APP-01796,USR-00402,2023-06-11,new_user,unemployed,good,mobile,48000,5,no,,41
APP-01797,USR-00089,2023-12-17,new_user,student,good,desktop,3000,7,yes,yes,16
APP-01798,USR-00365,2024-03-09,new_user,employed,poor,tablet,15000,5,no,,37
APP-01799,USR-01773,2023-05-20,abandoned_restart,employed,fair,tablet,17000,4,no,,60
APP-01800,USR-00601,2024-04-15,new_user,employed,poor,mobile,48000,2,no,,21
APP-01801,USR-00132,2023-05-12,abandoned_restart,self-employed,good,desktop,7000,1,no,,7
APP-01802,USR-01885,2023-03-28,new_user,employed,fair,mobile,48000,3,no,,16
APP-01803,USR-01873,2023-07-02,new_user,employed,good,tablet,5000,1,no,,5
APP-01804,USR-00388,2024-01-03,abandoned_restart,employed,fair,mobile,34000,2,no,,14
APP-01805,USR-01403,2023-05-09,new_user,self-employed,excellent,mobile,33000,5,no,,4
APP-01806,USR-00481,2023-09-03,new_user,employed,poor,mobile,45000,7,yes,no,25
APP-01807,USR-00005,2024-01-13,new_user,employed,fair,mobile,16000,5,no,,6
APP-01808,USR-01189,2023-05-29,abandoned_restart,self-employed,fair,desktop,37000,1,no,,1
APP-01809,USR-00725,2024-03-08,new_user,employed,good,tablet,3000,5,no,,41
APP-01810,USR-01315,2024-04-13,rejected_reapply,unemployed,fair,desktop,47000,0,no,,6
APP-01811,USR-00225,2024-03-21,new_user,employed,good,desktop,48000,5,no,,55
APP-01812,USR-00270,2024-04-25,rejected_reapply,self-employed,poor,desktop,43000,5,no,,54
APP-01813,USR-00620,2023-10-21,new_user,self-employed,fair,mobile,50000,5,no,,6
APP-01814,USR-00037,2023-05-23,abandoned_restart,employed,excellent,mobile,21000,7,yes,no,11
APP-01815,USR-00625,2023-09-07,new_user,self-employed,poor,mobile,41000,1,no,,6
APP-01816,USR-01373,2023-10-29,rejected_reapply,employed,excellent,mobile,8000,5,no,,32
APP-01817,USR-01596,2023-01-25,new_user,unemployed,excellent,mobile,22000,1,no,,6
APP-01818,USR-00918,2023-03-11,new_user,employed,poor,mobile,5000,1,no,,1
APP-01819,USR-00538,2023-04-22,new_user,self-employed,fair,mobile,17000,7,yes,no,13
APP-01820,USR-01320,2023-12-30,new_user,employed,fair,mobile,37000,0,no,,1
APP-01821,USR-00370,2023-10-30,new_user,student,good,tablet,14000,7,yes,no,20
APP-01822,USR-01571,2024-04-15,rejected_reapply,employed,good,mobile,39000,5,no,,3
APP-01823,USR-00588,2023-04-01,second_loan,student,good,mobile,41000,5,no,,43
APP-01824,USR-01908,2024-06-13,new_user,unemployed,good,mobile,28000,4,no,,3
APP-01825,USR-01483,2023-07-11,rejected_reapply,employed,poor,mobile,31000,5,no,,10
APP-01826,USR-00376,2023-08-30,new_user,self-employed,excellent,mobile,17000,2,no,,5
APP-01827,USR-00334,2023-05-18,new_user,student,good,mobile,35000,2,no,,21
APP-01828,USR-00506,2023-12-11,abandoned_restart,employed,good,mobile,40000,3,no,,15
APP-01829,USR-00318,2023-06-29,abandoned_restart,employed,excellent,mobile,22000,5,no,,3
APP-01830,USR-01605,2024-05-17,second_loan,employed,good,mobile,45000,4,no,,5
APP-01831,USR-01119,2023-07-22,new_user,employed,fair,mobile,48000,5,no,,49
APP-01832,USR-00218,2023-07-11,abandoned_restart,employed,good,desktop,29000,7,yes,yes,26
APP-01833,USR-01443,2023-01-05,new_user,employed,good,mobile,10000,2,no,,10
APP-01834,USR-01859,2023-08-25,new_user,employed,poor,mobile,18000,5,no,,20
APP-01835,USR-00911,2023-11-07,new_user,employed,excellent,mobile,35000,1,no,,8
APP-01836,USR-00777,2023-02-25,second_loan,employed,poor,desktop,44000,7,yes,no,18
APP-01837,USR-00785,2024-03-18,rejected_reapply,unemployed,good,mobile,16000,0,no,,11
APP-01838,USR-00329,2023-08-25,abandoned_restart,self-employed,good,desktop,50000,2,no,,5
APP-01839,USR-00039,2023-07-16,new_user,employed,poor,desktop,49000,5,no,,49
APP-01840,USR-01343,2024-05-28,new_user,self-employed,excellent,mobile,7000,3,no,,10
APP-01841,USR-00321,2024-03-24,new_user,self-employed,excellent,mobile,30000,7,yes,yes,28
APP-01842,USR-01620,2023-12-26,new_user,student,good,mobile,19000,5,no,,6
APP-01843,USR-01666,2023-01-30,new_user,employed,fair,mobile,23000,4,no,,4
APP-01844,USR-00195,2023-04-18,abandoned_restart,employed,poor,mobile,8000,5,no,,13
APP-01845,USR-00013,2024-03-20,new_user,unemployed,fair,mobile,17000,5,no,,42
APP-01846,USR-00898,2024-03-13,new_user,unemployed,fair,mobile,21000,0,no,,1
APP-01847,USR-00172,2024-04-01,new_user,self-employed,good,mobile,26000,4,no,,34
APP-01848,USR-01674,2024-05-09,new_user,self-employed,excellent,desktop,28000,2,no,,5
APP-01849,USR-00261,2023-09-04,new_user,employed,good,mobile,39000,5,no,,3
APP-01850,USR-00385,2024-06-26,rejected_reapply,employed,excellent,tablet,33000,7,yes,yes,27
APP-01851,USR-00690,2024-03-14,abandoned_restart,employed,good,tablet,40000,1,no,,10
APP-01852,USR-00902,2023-10-05,rejected_reapply,employed,good,tablet,19000,5,no,,3
APP-01853,USR-01697,2023-04-21,new_user,self-employed,excellent,desktop,29000,5,no,,13
APP-01854,USR-00259,2024-01-20,new_user,employed,good,mobile,20000,5,no,,9
APP-01855,USR-00845,2023-07-10,new_user,employed,excellent,mobile,20000,2,no,,13
APP-01856,USR-01535,2024-05-04,rejected_reapply,unemployed,fair,mobile,10000,0,no,,1
APP-01857,USR-00139,2024-03-01,abandoned_restart,employed,poor,mobile,12000,7,yes,yes,20
APP-01858,USR-01829,2024-02-09,new_user,student,excellent,desktop,33000,3,no,,12
APP-01859,USR-01574,2023-12-01,new_user,student,good,tablet,25000,7,yes,yes,15
APP-01860,USR-00320,2023-07-28,new_user,employed,excellent,mobile,25000,7,yes,yes,40
APP-01861,USR-00654,2023-01-22,abandoned_restart,employed,excellent,mobile,4000,5,no,,14
APP-01862,USR-00198,2023-07-27,rejected_reapply,employed,poor,mobile,4000,7,yes,no,10
APP-01863,USR-00001,2023-01-08,new_user,employed,good,mobile,9000,5,no,,50
APP-01864,USR-00559,2024-06-12,new_user,employed,fair,mobile,15000,1,no,,5
APP-01865,USR-00140,2023-06-15,new_user,employed,good,mobile,26000,1,no,,5
APP-01866,USR-00113,2024-05-10,new_user,student,good,desktop,15000,1,no,,2
APP-01867,USR-00532,2024-03-04,new_user,employed,fair,mobile,26000,4,no,,23
APP-01868,USR-00225,2023-06-12,new_user,self-employed,good,tablet,28000,7,yes,yes,24
APP-01869,USR-00724,2024-01-01,abandoned_restart,employed,good,desktop,7000,2,no,,12
APP-01870,USR-00506,2024-06-09,abandoned_restart,employed,poor,desktop,32000,4,no,,31
APP-01871,USR-00836,2023-08-27,new_user,unemployed,excellent,mobile,12000,2,no,,27
APP-01872,USR-00656,2023-03-13,rejected_reapply,employed,good,desktop,35000,5,no,,4
APP-01873,USR-01434,2024-03-20,new_user,employed,excellent,desktop,32000,5,no,,28
APP-01874,USR-00326,2024-05-23,new_user,self-employed,fair,mobile,9000,2,no,,7
APP-01875,USR-00472,2023-09-26,new_user,self-employed,poor,mobile,14000,5,no,,5
APP-01876,USR-01324,2024-02-19,new_user,self-employed,good,tablet,13000,4,no,,37
APP-01877,USR-00673,2023-09-02,new_user,employed,poor,mobile,44000,5,no,,3
APP-01878,USR-01459,2023-03-01,new_user,employed,excellent,mobile,33000,1,no,,11
APP-01879,USR-00702,2023-01-06,new_user,student,poor,mobile,32000,7,yes,no,17
APP-01880,USR-01416,2024-02-11,second_loan,unemployed,good,desktop,19000,0,no,,1
APP-01881,USR-00715,2023-08-05,new_user,employed,good,desktop,30000,4,no,,29
APP-01882,USR-00847,2023-01-26,new_user,self-employed,fair,mobile,16000,0,no,,6
APP-01883,USR-00194,2023-01-05,new_user,employed,poor,mobile,12000,7,yes,no,14
APP-01884,USR-01465,2024-06-15,abandoned_restart,employed,good,tablet,10000,5,no,,7
APP-01885,USR-00574,2024-01-25,new_user,employed,good,desktop,2000,5,no,,30
APP-01886,USR-00947,2024-03-23,rejected_reapply,employed,fair,desktop,18000,7,yes,no,13
APP-01887,USR-00504,2023-05-26,new_user,employed,excellent,mobile,13000,7,yes,yes,17
APP-01888,USR-01630,2024-01-23,new_user,employed,fair,mobile,29000,4,no,,43
APP-01889,USR-00359,2023-09-06,new_user,employed,good,mobile,24000,0,no,,5
APP-01890,USR-00118,2024-06-09,new_user,self-employed,good,desktop,38000,1,no,,7
APP-01891,USR-00646,2024-04-06,new_user,self-employed,poor,mobile,12000,0,no,,5
APP-01892,USR-01871,2023-01-13,new_user,self-employed,excellent,mobile,29000,6,no,,5
APP-01893,USR-00004,2024-01-19,new_user,unemployed,fair,mobile,22000,1,no,,7
APP-01894,USR-00075,2024-02-03,new_user,employed,poor,mobile,36000,1,no,,3
APP-01895,USR-01756,2023-01-19,new_user,employed,fair,desktop,1000,2,no,,8
APP-01896,USR-00468,2024-05-05,second_loan,self-employed,good,mobile,43000,1,no,,3
APP-01897,USR-01346,2024-02-23,new_user,employed,good,desktop,40000,7,yes,yes,28
APP-01898,USR-00006,2023-12-03,rejected_reapply,employed,good,tablet,34000,7,yes,no,38
APP-01899,USR-01247,2024-02-23,abandoned_restart,employed,poor,mobile,34000,5,no,,37
APP-01900,USR-00920,2023-05-02,new_user,unemployed,fair,desktop,48000,7,yes,yes,22
APP-01901,USR-00548,2024-03-07,new_user,employed,excellent,tablet,33000,7,yes,yes,17
APP-01902,USR-00229,2023-02-13,new_user,unemployed,poor,tablet,4000,5,no,,33
APP-01903,USR-01064,2023-11-13,abandoned_restart,employed,excellent,mobile,38000,4,no,,5
APP-01904,USR-00543,2024-01-16,abandoned_restart,self-employed,poor,mobile,30000,3,no,,5
APP-01905,USR-00243,2023-05-25,abandoned_restart,self-employed,excellent,mobile,46000,7,yes,yes,26
APP-01906,USR-00899,2023-11-23,rejected_reapply,self-employed,fair,desktop,20000,5,no,,49
APP-01907,USR-00354,2023-12-29,abandoned_restart,employed,good,desktop,26000,5,no,,40
APP-01908,USR-01161,2023-02-19,new_user,employed,fair,desktop,15000,4,no,,36
APP-01909,USR-00823,2023-03-06,new_user,self-employed,poor,mobile,7000,1,no,,10
APP-01910,USR-00497,2023-12-21,rejected_reapply,employed,fair,mobile,7000,4,no,,27
APP-01911,USR-00155,2023-06-13,new_user,employed,poor,mobile,50000,5,no,,39
APP-01912,USR-00380,2023-05-21,new_user,employed,fair,mobile,29000,7,yes,no,30
APP-01913,USR-00604,2023-05-08,abandoned_restart,unemployed,good,desktop,23000,7,yes,yes,17
APP-01914,USR-00411,2024-02-02,new_user,employed,good,mobile,34000,3,no,,21
APP-01915,USR-00843,2024-04-07,rejected_reapply,self-employed,good,mobile,20000,5,no,,11
APP-01916,USR-01374,2023-07-06,abandoned_restart,employed,good,mobile,15000,4,no,,3
APP-01917,USR-00512,2023-07-09,new_user,employed,good,mobile,33000,7,yes,no,29
APP-01918,USR-00556,2024-01-23,rejected_reapply,self-employed,good,mobile,17000,1,no,,8
APP-01919,USR-01527,2024-03-04,new_user,employed,good,mobile,20000,5,no,,13
APP-01920,USR-01606,2023-10-11,new_user,employed,good,mobile,13000,0,no,,7
APP-01921,USR-01734,2023-08-25,new_user,self-employed,excellent,mobile,44000,0,no,,1
APP-01922,USR-00277,2023-07-13,new_user,self-employed,fair,mobile,24000,7,yes,no,21
APP-01923,USR-00662,2023-10-14,new_user,employed,poor,desktop,47000,0,no,,4
APP-01924,USR-00672,2023-05-16,new_user,unemployed,good,mobile,37000,7,yes,no,10
APP-01925,USR-00698,2023-06-20,new_user,self-employed,fair,desktop,7000,2,no,,14
APP-01926,USR-01401,2023-06-08,new_user,unemployed,excellent,desktop,8000,5,no,,4
APP-01927,USR-01765,2023-07-20,abandoned_restart,employed,excellent,mobile,23000,5,no,,53
APP-01928,USR-00566,2024-05-01,rejected_reapply,employed,poor,tablet,14000,5,no,,41
APP-01929,USR-00315,2024-05-18,new_user,unemployed,poor,mobile,4000,5,no,,41
APP-01930,USR-01467,2024-01-06,new_user,unemployed,good,desktop,21000,1,no,,9
APP-01931,USR-01762,2023-04-13,new_user,employed,good,tablet,46000,7,yes,yes,15
APP-01932,USR-01344,2023-05-05,new_user,employed,fair,desktop,10000,7,yes,no,10
APP-01933,USR-01306,2023-11-09,abandoned_restart,employed,good,mobile,22000,5,no,,20
APP-01934,USR-00692,2024-04-02,abandoned_restart,employed,good,mobile,30000,7,yes,yes,28
APP-01935,USR-01542,2023-08-18,new_user,employed,fair,mobile,30000,5,no,,3
APP-01936,USR-00613,2023-07-16,new_user,employed,poor,desktop,16000,5,no,,37
APP-01937,USR-00425,2024-02-27,new_user,unemployed,good,desktop,11000,5,no,,32
APP-01938,USR-01578,2023-06-20,abandoned_restart,employed,fair,mobile,22000,5,no,,35
APP-01939,USR-00595,2024-01-17,new_user,self-employed,excellent,mobile,29000,5,no,,44
APP-01940,USR-00748,2023-06-22,second_loan,employed,good,desktop,25000,5,no,,40
APP-01941,USR-01393,2024-03-28,abandoned_restart,employed,good,mobile,14000,4,no,,42
APP-01942,USR-01800,2023-12-16,new_user,employed,excellent,desktop,14000,7,yes,yes,27
APP-01943,USR-00623,2024-05-08,new_user,employed,excellent,desktop,2000,5,no,,12
APP-01944,USR-00034,2023-01-04,rejected_reapply,self-employed,fair,mobile,13000,3,no,,6
APP-01945,USR-01494,2023-04-03,new_user,unemployed,fair,desktop,3000,1,no,,8
APP-01946,USR-00492,2023-01-06,new_user,employed,good,mobile,30000,5,no,,39
APP-01947,USR-00228,2023-10-15,new_user,employed,good,mobile,18000,5,no,,37
APP-01948,USR-00111,2023-05-26,rejected_reapply,employed,fair,tablet,36000,5,no,,6
APP-01949,USR-01170,2024-02-28,abandoned_restart,unemployed,excellent,desktop,21000,5,no,,5
APP-01950,USR-00109,2024-04-01,abandoned_restart,self-employed,fair,mobile,19000,1,no,,5
APP-01951,USR-00289,2023-07-21,rejected_reapply,employed,poor,mobile,16000,0,no,,4
APP-01952,USR-00067,2023-07-31,rejected_reapply,self-employed,poor,mobile,28000,2,no,,11
APP-01953,USR-01418,2023-01-06,rejected_reapply,self-employed,good,mobile,4000,7,yes,yes,19
APP-01954,USR-01604,2024-01-11,new_user,employed,good,mobile,15000,5,no,,10
APP-01955,USR-00025,2024-03-22,new_user,employed,fair,mobile,1000,5,no,,38
APP-01956,USR-01236,2023-04-16,abandoned_restart,unemployed,fair,mobile,48000,5,no,,44
APP-01957,USR-00280,2024-02-05,abandoned_restart,self-employed,fair,mobile,47000,1,no,,6
APP-01958,USR-00145,2023-04-06,abandoned_restart,employed,good,mobile,16000,7,yes,no,25
APP-01959,USR-00537,2024-01-23,new_user,employed,poor,tablet,20000,7,yes,no,22
APP-01960,USR-00812,2024-03-27,abandoned_restart,employed,excellent,desktop,33000,7,yes,yes,20
APP-01961,USR-00126,2024-02-20,abandoned_restart,employed,fair,mobile,17000,4,no,,46
APP-01962,USR-01498,2024-05-18,new_user,self-employed,excellent,mobile,5000,5,no,,43
APP-01963,USR-00086,2024-03-29,new_user,employed,fair,mobile,5000,7,yes,yes,28
APP-01964,USR-01255,2023-10-18,new_user,self-employed,good,mobile,39000,7,yes,yes,14
APP-01965,USR-00518,2024-06-17,new_user,unemployed,fair,mobile,13000,1,no,,7
APP-01966,USR-00116,2023-07-12,new_user,employed,poor,desktop,44000,3,no,,13
APP-01967,USR-00374,2023-05-30,new_user,employed,excellent,desktop,36000,1,no,,4
APP-01968,USR-00554,2024-05-29,new_user,employed,excellent,desktop,30000,1,no,,7
APP-01969,USR-00485,2024-01-28,abandoned_restart,self-employed,good,mobile,4000,7,yes,yes,23
APP-01970,USR-01655,2023-11-12,abandoned_restart,employed,good,tablet,23000,3,no,,7
APP-01971,USR-01216,2023-03-17,rejected_reapply,self-employed,good,tablet,21000,3,no,,19
APP-01972,USR-01039,2023-09-27,new_user,unemployed,excellent,mobile,21000,5,no,,37
APP-01973,USR-00691,2023-08-13,new_user,employed,fair,mobile,6000,5,no,,46
APP-01974,USR-00739,2024-06-13,rejected_reapply,unemployed,good,mobile,24000,7,yes,yes,27
APP-01975,USR-00806,2023-04-23,new_user,student,good,mobile,47000,5,no,,6
APP-01976,USR-01530,2023-09-08,second_loan,employed,fair,desktop,31000,5,no,,53
APP-01977,USR-01298,2023-08-21,rejected_reapply,employed,excellent,mobile,19000,7,yes,yes,14
APP-01978,USR-00254,2023-03-24,new_user,student,fair,mobile,38000,4,no,,7
APP-01979,USR-01775,2023-05-05,second_loan,student,poor,mobile,12000,4,no,,7
APP-01980,USR-00363,2023-06-24,new_user,employed,good,mobile,14000,0,no,,7
APP-01981,USR-00750,2023-03-10,new_user,employed,good,desktop,50000,5,no,,43
APP-01982,USR-00919,2023-02-16,abandoned_restart,employed,fair,mobile,12000,5,no,,7
APP-01983,USR-01647,2023-09-13,new_user,student,fair,desktop,15000,7,yes,yes,23
APP-01984,USR-01027,2023-01-30,rejected_reapply,employed,excellent,mobile,19000,4,no,,12
APP-01985,USR-01031,2023-10-08,new_user,employed,fair,mobile,28000,5,no,,13
APP-01986,USR-00883,2023-08-25,new_user,self-employed,good,mobile,40000,1,no,,4
APP-01987,USR-01336,2023-09-05,new_user,employed,good,desktop,41000,7,yes,yes,12
APP-01988,USR-00017,2024-01-03,abandoned_restart,self-employed,good,mobile,5000,1,no,,10
APP-01989,USR-00160,2024-05-09,new_user,employed,excellent,mobile,5000,5,no,,41
APP-01990,USR-00666,2023-01-25,new_user,unemployed,good,mobile,6000,1,no,,3
APP-01991,USR-00365,2024-05-04,rejected_reapply,employed,good,mobile,23000,1,no,,3
APP-01992,USR-01410,2024-05-08,new_user,self-employed,good,tablet,3000,1,no,,4
APP-01993,USR-01240,2023-11-10,rejected_reapply,self-employed,good,mobile,37000,1,no,,1
APP-01994,USR-00078,2024-01-10,new_user,employed,good,mobile,33000,5,no,,20
APP-01995,USR-00028,2023-01-25,abandoned_restart,employed,excellent,mobile,43000,7,yes,yes,16
APP-01996,USR-00474,2023-11-30,abandoned_restart,employed,fair,desktop,21000,2,no,,17
APP-01997,USR-00526,2023-12-21,new_user,employed,fair,mobile,20000,4,no,,33
APP-01998,USR-00726,2023-04-26,new_user,self-employed,fair,desktop,1000,1,no,,9
APP-01999,USR-00056,2023-02-17,rejected_reapply,self-employed,poor,desktop,39000,2,no,,11
APP-02000,USR-00639,2023-04-09,new_user,employed,poor,mobile,47000,1,no,,3
APP-02001,USR-00303,2024-04-03,second_loan,self-employed,excellent,mobile,17000,5,no,,43
APP-02002,USR-00719,2024-06-06,new_user,self-employed,good,mobile,29000,5,no,,45
APP-02003,USR-01716,2024-02-09,new_user,self-employed,good,desktop,8000,1,no,,2
APP-02004,USR-01277,2023-08-02,new_user,employed,good,mobile,26000,1,no,,2
APP-02005,USR-01891,2024-05-17,second_loan,employed,excellent,mobile,28000,5,no,,3
APP-02006,USR-00625,2024-03-23,new_user,employed,good,desktop,34000,5,no,,29
APP-02007,USR-00008,2023-09-15,rejected_reapply,employed,excellent,mobile,26000,4,no,,9
APP-02008,USR-01281,2023-05-01,rejected_reapply,employed,fair,mobile,13000,5,no,,8
APP-02009,USR-00804,2023-02-23,new_user,employed,excellent,mobile,44000,2,no,,13
APP-02010,USR-01050,2023-11-27,new_user,employed,good,mobile,37000,7,yes,yes,20
APP-02011,USR-00337,2023-08-29,abandoned_restart,self-employed,fair,mobile,13000,1,no,,6
APP-02012,USR-01597,2024-06-13,new_user,employed,good,mobile,38000,0,no,,1
APP-02013,USR-00048,2024-04-27,abandoned_restart,employed,good,tablet,25000,5,no,,23
APP-02014,USR-00831,2023-07-06,new_user,employed,poor,mobile,47000,2,no,,23
APP-02015,USR-00107,2023-09-19,new_user,employed,good,desktop,23000,1,no,,11
APP-02016,USR-00350,2023-12-30,abandoned_restart,employed,fair,desktop,22000,7,yes,yes,21
APP-02017,USR-01080,2024-05-05,new_user,employed,poor,mobile,21000,5,no,,8
APP-02018,USR-00239,2024-03-06,new_user,employed,excellent,desktop,30000,5,no,,6
APP-02019,USR-00214,2023-08-27,new_user,employed,good,mobile,11000,4,no,,47
APP-02020,USR-01145,2023-10-31,new_user,employed,excellent,tablet,4000,7,yes,no,22
APP-02021,USR-00047,2023-10-25,new_user,employed,good,desktop,33000,4,no,,41
APP-02022,USR-00699,2023-03-17,rejected_reapply,unemployed,fair,mobile,47000,1,no,,4
APP-02023,USR-00794,2023-11-29,new_user,employed,good,mobile,12000,1,no,,3
APP-02024,USR-01097,2024-04-18,new_user,employed,good,mobile,9000,5,no,,6
APP-02025,USR-00123,2023-10-10,abandoned_restart,employed,excellent,mobile,32000,5,no,,29
APP-02026,USR-01837,2023-03-13,new_user,employed,fair,mobile,11000,5,no,,38
APP-02027,USR-01754,2023-09-20,new_user,employed,excellent,mobile,37000,5,no,,41
APP-02028,USR-01102,2023-01-12,rejected_reapply,employed,excellent,desktop,24000,5,no,,51
APP-02029,USR-00244,2023-05-21,abandoned_restart,self-employed,good,mobile,7000,5,no,,3
APP-02030,USR-00546,2023-01-17,new_user,employed,excellent,desktop,8000,7,yes,yes,29
APP-02031,USR-01070,2023-03-04,abandoned_restart,employed,fair,desktop,33000,5,no,,6
APP-02032,USR-00346,2023-09-10,new_user,self-employed,excellent,mobile,25000,5,no,,51
APP-02033,USR-00524,2024-04-09,abandoned_restart,unemployed,good,desktop,1000,0,no,,3
APP-02034,USR-00233,2024-01-11,new_user,employed,poor,mobile,3000,5,no,,42
APP-02035,USR-00645,2024-06-03,new_user,employed,excellent,mobile,40000,2,no,,14
APP-02036,USR-01537,2023-03-31,new_user,employed,good,desktop,28000,7,yes,no,20
APP-02037,USR-00838,2023-06-24,new_user,employed,good,mobile,43000,2,no,,12
APP-02038,USR-01429,2023-03-17,new_user,employed,good,mobile,33000,3,no,,22
APP-02039,USR-00534,2024-02-04,second_loan,employed,poor,desktop,46000,5,no,,8
APP-02040,USR-00611,2023-03-12,new_user,self-employed,good,tablet,1000,5,no,,63
APP-02041,USR-00682,2023-06-29,new_user,employed,excellent,desktop,38000,5,no,,31
APP-02042,USR-00604,2023-05-04,new_user,employed,poor,desktop,27000,5,no,,42
APP-02043,USR-01490,2024-01-16,new_user,employed,fair,mobile,38000,3,no,,12
APP-02044,USR-00220,2023-10-20,abandoned_restart,self-employed,poor,mobile,35000,2,no,,11
APP-02045,USR-01813,2023-07-14,new_user,employed,good,desktop,10000,3,no,,13
APP-02046,USR-01427,2023-08-16,new_user,self-employed,good,mobile,12000,2,no,,20
APP-02047,USR-01075,2024-03-06,new_user,employed,good,mobile,10000,1,no,,3
APP-02048,USR-00038,2024-03-11,abandoned_restart,employed,excellent,mobile,34000,5,no,,3
APP-02049,USR-00061,2024-04-05,new_user,employed,good,desktop,24000,3,no,,18
APP-02050,USR-00505,2023-01-21,new_user,employed,fair,mobile,28000,7,yes,no,30
APP-02051,USR-00672,2023-03-05,new_user,employed,excellent,desktop,22000,7,yes,yes,34
APP-02052,USR-00093,2023-06-14,new_user,employed,good,mobile,45000,1,no,,8
APP-02053,USR-00667,2023-01-27,new_user,employed,good,mobile,16000,5,no,,36
APP-02054,USR-01888,2023-11-07,abandoned_restart,self-employed,good,mobile,13000,4,no,,47
APP-02055,USR-00281,2023-10-12,abandoned_restart,employed,excellent,mobile,36000,5,no,,44
APP-02056,USR-01720,2023-10-08,rejected_reapply,employed,good,desktop,36000,4,no,,8
APP-02057,USR-00360,2023-06-13,new_user,employed,fair,mobile,43000,4,no,,37
APP-02058,USR-00900,2023-08-12,new_user,self-employed,good,mobile,23000,4,no,,40
APP-02059,USR-00467,2023-05-26,new_user,student,poor,mobile,14000,4,no,,9
APP-02060,USR-00002,2023-01-30,second_loan,employed,fair,mobile,32000,4,no,,40
APP-02061,USR-00761,2023-02-14,new_user,employed,good,mobile,3000,7,yes,no,16
APP-02062,USR-01907,2024-04-15,abandoned_restart,employed,fair,mobile,27000,3,no,,13
APP-02063,USR-00043,2023-02-03,new_user,unemployed,poor,tablet,19000,5,no,,10
APP-02064,USR-00205,2024-03-02,new_user,self-employed,poor,desktop,22000,1,no,,4
APP-02065,USR-01474,2023-08-09,new_user,employed,good,mobile,1000,5,no,,48
APP-02066,USR-00069,2024-06-17,new_user,employed,excellent,mobile,5000,5,no,,42
APP-02067,USR-01876,2024-01-02,rejected_reapply,employed,excellent,mobile,49000,5,no,,38
APP-02068,USR-00464,2023-04-26,second_loan,employed,fair,mobile,33000,5,no,,53
APP-02069,USR-00138,2023-08-27,new_user,self-employed,good,desktop,19000,1,no,,5
APP-02070,USR-00797,2023-12-01,new_user,employed,excellent,desktop,36000,0,no,,4
APP-02071,USR-00759,2024-03-16,rejected_reapply,employed,fair,mobile,6000,5,no,,7
APP-02072,USR-00542,2023-05-28,abandoned_restart,self-employed,good,desktop,15000,1,no,,1
APP-02073,USR-01020,2023-01-09,new_user,self-employed,good,mobile,36000,5,no,,32
APP-02074,USR-00682,2023-10-15,new_user,employed,poor,mobile,33000,5,no,,50
APP-02075,USR-00166,2024-01-23,new_user,self-employed,excellent,mobile,24000,2,no,,14
APP-02076,USR-00249,2023-02-19,new_user,employed,excellent,mobile,27000,7,yes,yes,26
APP-02077,USR-01332,2024-05-31,new_user,unemployed,poor,tablet,49000,4,no,,20
APP-02078,USR-00041,2023-10-05,new_user,self-employed,poor,mobile,11000,5,no,,43
APP-02079,USR-00447,2023-10-27,new_user,employed,poor,mobile,49000,1,no,,6
APP-02080,USR-01359,2023-05-15,new_user,self-employed,fair,tablet,23000,1,no,,7
APP-02081,USR-01330,2023-05-27,new_user,unemployed,good,desktop,33000,5,no,,28
APP-02082,USR-00764,2024-05-04,rejected_reapply,employed,good,desktop,41000,5,no,,29
APP-02083,USR-00435,2024-04-22,abandoned_restart,employed,fair,tablet,46000,4,no,,55
APP-02084,USR-00578,2023-06-08,new_user,self-employed,excellent,mobile,47000,5,no,,10
APP-02085,USR-00641,2024-01-19,rejected_reapply,employed,fair,desktop,29000,5,no,,8
APP-02086,USR-00624,2023-06-12,rejected_reapply,employed,poor,desktop,31000,5,no,,22
APP-02087,USR-01849,2024-03-16,new_user,unemployed,fair,desktop,1000,1,no,,3
APP-02088,USR-00763,2023-07-08,new_user,self-employed,good,desktop,34000,2,no,,17
APP-02089,USR-00389,2024-02-19,abandoned_restart,employed,good,mobile,18000,1,no,,4
APP-02090,USR-00236,2023-12-05,rejected_reapply,employed,fair,desktop,18000,7,yes,no,17
APP-02091,USR-01078,2023-06-30,second_loan,employed,poor,mobile,6000,4,no,,3
APP-02092,USR-00092,2023-10-15,rejected_reapply,employed,excellent,mobile,40000,5,no,,9
APP-02093,USR-00268,2023-07-06,abandoned_restart,employed,excellent,mobile,1000,5,no,,27
APP-02094,USR-00771,2023-05-18,new_user,self-employed,fair,tablet,47000,1,no,,3
APP-02095,USR-00438,2023-05-10,new_user,employed,fair,mobile,42000,4,no,,32
APP-02096,USR-00674,2023-07-13,new_user,employed,good,mobile,30000,1,no,,7
APP-02097,USR-00250,2023-11-12,new_user,employed,good,mobile,4000,3,no,,22
APP-02098,USR-01575,2023-05-24,abandoned_restart,student,fair,tablet,32000,2,no,,14
APP-02099,USR-00574,2023-01-16,new_user,employed,excellent,mobile,10000,7,yes,yes,20
APP-02100,USR-01824,2023-10-29,abandoned_restart,employed,good,desktop,43000,7,yes,yes,12
APP-02101,USR-00350,2024-02-27,new_user,employed,good,desktop,5000,7,yes,no,20
APP-02102,USR-00881,2023-09-02,new_user,employed,good,mobile,9000,1,no,,1
APP-02103,USR-00449,2023-04-17,new_user,employed,excellent,mobile,5000,5,no,,7
APP-02104,USR-01470,2023-03-29,new_user,employed,good,desktop,11000,7,yes,yes,25
APP-02105,USR-00717,2023-05-09,abandoned_restart,employed,poor,tablet,35000,7,yes,no,26
APP-02106,USR-00263,2023-12-07,abandoned_restart,employed,fair,desktop,27000,7,yes,yes,19
APP-02107,USR-00051,2023-01-04,second_loan,employed,good,mobile,4000,5,no,,8
APP-02108,USR-00547,2023-11-23,new_user,employed,fair,desktop,10000,7,yes,yes,20
APP-02109,USR-01902,2024-02-14,new_user,employed,good,mobile,39000,7,yes,yes,22
APP-02110,USR-01169,2023-11-02,new_user,employed,excellent,mobile,33000,5,no,,38
APP-02111,USR-00083,2023-08-13,new_user,employed,good,desktop,38000,7,yes,no,24
APP-02112,USR-00625,2023-12-14,rejected_reapply,employed,excellent,mobile,8000,5,no,,29
APP-02113,USR-01461,2023-11-17,abandoned_restart,self-employed,fair,desktop,49000,7,yes,no,27
APP-02114,USR-01894,2023-06-30,rejected_reapply,employed,excellent,mobile,24000,4,no,,45
APP-02115,USR-01669,2024-01-21,new_user,employed,good,desktop,39000,5,no,,35
APP-02116,USR-00402,2023-04-18,rejected_reapply,employed,fair,mobile,33000,1,no,,8
APP-02117,USR-00476,2024-06-14,new_user,student,good,mobile,41000,1,no,,5
APP-02118,USR-00518,2024-02-14,rejected_reapply,unemployed,poor,desktop,43000,5,no,,43
APP-02119,USR-00405,2023-10-23,new_user,employed,good,mobile,19000,5,no,,35
APP-02120,USR-00385,2023-06-20,new_user,employed,good,mobile,2000,1,no,,2
APP-02121,USR-00473,2023-11-27,new_user,employed,fair,tablet,11000,5,no,,38
APP-02122,USR-01634,2024-05-07,rejected_reapply,employed,good,mobile,35000,2,no,,8
APP-02123,USR-01485,2023-07-14,new_user,employed,good,tablet,17000,5,no,,33
APP-02124,USR-00689,2023-01-12,new_user,self-employed,fair,mobile,42000,1,no,,6
APP-02125,USR-01241,2023-07-14,rejected_reapply,employed,poor,mobile,3000,5,no,,49
APP-02126,USR-00063,2024-05-04,new_user,unemployed,good,desktop,22000,7,yes,yes,21
APP-02127,USR-00853,2023-07-01,new_user,employed,good,desktop,35000,7,yes,yes,25
APP-02128,USR-01803,2023-11-12,new_user,self-employed,excellent,mobile,21000,1,no,,1
APP-02129,USR-01263,2023-01-30,new_user,self-employed,excellent,mobile,25000,2,no,,9
APP-02130,USR-00224,2023-04-06,rejected_reapply,employed,good,desktop,39000,5,no,,44
APP-02131,USR-00374,2024-01-16,abandoned_restart,employed,good,mobile,2000,1,no,,5
APP-02132,USR-01825,2024-03-19,new_user,employed,good,mobile,1000,3,no,,17
APP-02133,USR-00654,2023-10-25,second_loan,employed,good,mobile,7000,7,yes,yes,23
APP-02134,USR-01029,2023-12-27,new_user,employed,fair,mobile,20000,5,no,,52
APP-02135,USR-00877,2024-01-09,new_user,employed,fair,mobile,43000,0,no,,5
APP-02136,USR-00798,2023-10-30,new_user,employed,good,mobile,6000,5,no,,34
APP-02137,USR-00010,2024-02-25,new_user,unemployed,poor,mobile,36000,3,no,,7
APP-02138,USR-00662,2023-09-03,new_user,employed,good,mobile,21000,3,no,,17
APP-02139,USR-01839,2023-08-25,rejected_reapply,student,excellent,mobile,46000,4,no,,5
APP-02140,USR-00709,2024-06-17,abandoned_restart,employed,fair,desktop,35000,4,no,,43
APP-02141,USR-00256,2023-07-04,new_user,self-employed,good,mobile,36000,2,no,,16
APP-02142,USR-01618,2024-04-12,new_user,employed,excellent,desktop,8000,5,no,,21
APP-02143,USR-00390,2023-12-29,abandoned_restart,employed,good,desktop,50000,7,yes,no,19
APP-02144,USR-01582,2023-10-10,rejected_reapply,unemployed,fair,mobile,4000,7,yes,no,26
APP-02145,USR-00925,2023-12-02,rejected_reapply,employed,fair,desktop,43000,7,yes,yes,26
APP-02146,USR-00231,2023-06-11,new_user,self-employed,good,mobile,16000,5,no,,35
APP-02147,USR-00002,2023-06-09,abandoned_restart,employed,good,desktop,3000,1,no,,5
APP-02148,USR-01225,2024-04-18,new_user,employed,fair,tablet,7000,7,yes,yes,19
APP-02149,USR-00344,2023-11-18,new_user,employed,fair,mobile,2000,1,no,,6
APP-02150,USR-00740,2023-01-12,new_user,self-employed,excellent,desktop,1000,0,no,,1
APP-02151,USR-00041,2024-02-28,new_user,employed,good,mobile,1000,2,no,,8
APP-02152,USR-00869,2023-03-14,new_user,self-employed,excellent,mobile,38000,0,no,,7
APP-02153,USR-00540,2023-07-20,new_user,unemployed,good,desktop,7000,7,yes,yes,15
APP-02154,USR-00288,2024-06-05,new_user,employed,excellent,mobile,24000,1,no,,8
APP-02155,USR-01372,2024-05-19,abandoned_restart,employed,fair,mobile,5000,3,no,,12
APP-02156,USR-01146,2023-02-08,new_user,self-employed,good,mobile,21000,5,no,,29
APP-02157,USR-01032,2023-03-01,new_user,employed,poor,desktop,28000,5,no,,13
APP-02158,USR-00373,2023-11-17,new_user,employed,good,mobile,18000,0,no,,13
APP-02159,USR-00668,2024-03-10,second_loan,employed,good,tablet,24000,5,no,,28
APP-02160,USR-00358,2024-02-12,new_user,employed,fair,mobile,32000,5,no,,21
APP-02161,USR-00968,2024-01-21,new_user,employed,excellent,mobile,45000,5,no,,44
APP-02162,USR-01354,2023-03-19,new_user,employed,excellent,desktop,33000,1,no,,1
APP-02163,USR-01036,2023-07-13,rejected_reapply,self-employed,poor,mobile,10000,7,yes,yes,33
APP-02164,USR-00471,2023-10-12,second_loan,employed,good,desktop,9000,3,no,,14
APP-02165,USR-01397,2024-06-10,new_user,employed,fair,mobile,49000,5,no,,47
APP-02166,USR-01167,2024-06-07,new_user,student,good,mobile,33000,5,no,,43
APP-02167,USR-01550,2023-06-05,rejected_reapply,self-employed,excellent,mobile,33000,2,no,,10
APP-02168,USR-01257,2023-12-06,new_user,self-employed,fair,tablet,7000,1,no,,8
APP-02169,USR-00225,2023-05-05,abandoned_restart,employed,excellent,mobile,4000,7,yes,yes,29
APP-02170,USR-01556,2023-10-07,new_user,self-employed,fair,desktop,28000,2,no,,21
APP-02171,USR-01683,2023-05-08,new_user,employed,good,mobile,23000,1,no,,9
APP-02172,USR-01251,2023-11-10,new_user,employed,good,mobile,32000,5,no,,30
APP-02173,USR-01700,2023-11-28,new_user,employed,fair,mobile,44000,5,no,,42
APP-02174,USR-01253,2023-05-30,abandoned_restart,employed,fair,tablet,16000,1,no,,6
APP-02175,USR-00203,2024-03-29,rejected_reapply,self-employed,excellent,desktop,46000,5,no,,20
APP-02176,USR-00080,2023-02-05,new_user,employed,good,desktop,10000,7,yes,yes,26
APP-02177,USR-01173,2024-02-24,rejected_reapply,self-employed,fair,mobile,14000,1,no,,3
APP-02178,USR-00815,2023-01-22,new_user,self-employed,good,mobile,39000,6,no,,8
APP-02179,USR-01853,2023-07-25,new_user,employed,poor,mobile,36000,1,no,,1
APP-02180,USR-00685,2023-12-22,new_user,employed,fair,tablet,34000,2,no,,12
APP-02181,USR-00318,2024-03-15,rejected_reapply,employed,good,mobile,24000,7,yes,no,10
APP-02182,USR-00134,2023-04-06,abandoned_restart,employed,poor,mobile,18000,2,no,,13
APP-02183,USR-01141,2023-06-13,abandoned_restart,employed,excellent,mobile,16000,4,no,,3
APP-02184,USR-00934,2023-05-28,rejected_reapply,student,good,mobile,41000,5,no,,8
APP-02185,USR-00929,2024-06-13,abandoned_restart,employed,excellent,mobile,37000,0,no,,6
APP-02186,USR-00824,2023-10-21,second_loan,employed,good,desktop,41000,1,no,,6
APP-02187,USR-01532,2023-07-14,abandoned_restart,unemployed,excellent,mobile,25000,5,no,,4
APP-02188,USR-01215,2024-04-24,rejected_reapply,employed,good,desktop,8000,6,no,,38
APP-02189,USR-00505,2023-05-03,new_user,self-employed,good,desktop,24000,5,no,,3
APP-02190,USR-00190,2024-02-04,new_user,employed,excellent,mobile,20000,5,no,,44
APP-02191,USR-00566,2024-03-27,new_user,employed,good,mobile,48000,5,no,,5
APP-02192,USR-00475,2023-04-14,new_user,employed,poor,mobile,30000,2,no,,9
APP-02193,USR-01385,2024-04-06,new_user,employed,good,tablet,20000,7,yes,yes,12
APP-02194,USR-00895,2024-01-31,new_user,employed,excellent,mobile,18000,5,no,,46
APP-02195,USR-00829,2023-12-03,abandoned_restart,self-employed,good,mobile,4000,1,no,,6
APP-02196,USR-00456,2023-05-22,new_user,employed,good,mobile,48000,7,yes,yes,18
APP-02197,USR-01684,2023-11-13,new_user,unemployed,good,mobile,36000,5,no,,3
APP-02198,USR-00106,2024-06-10,new_user,employed,excellent,mobile,6000,3,no,,8
APP-02199,USR-00054,2024-02-05,second_loan,employed,poor,mobile,3000,3,no,,7
APP-02200,USR-00639,2023-11-06,new_user,employed,good,desktop,18000,1,no,,7
APP-02201,USR-00653,2024-05-09,new_user,unemployed,fair,desktop,47000,7,yes,no,18
APP-02202,USR-00173,2023-04-19,abandoned_restart,employed,good,mobile,40000,3,no,,20
APP-02203,USR-00039,2024-01-07,abandoned_restart,employed,good,mobile,18000,5,no,,3
APP-02204,USR-01882,2023-07-25,new_user,unemployed,fair,desktop,23000,7,yes,yes,27
APP-02205,USR-00714,2023-02-12,new_user,employed,fair,mobile,35000,4,no,,41
APP-02206,USR-00091,2023-09-02,new_user,unemployed,good,desktop,6000,5,no,,31
APP-02207,USR-01206,2023-10-14,second_loan,employed,poor,mobile,26000,4,no,,5
APP-02208,USR-01811,2023-12-21,new_user,self-employed,fair,desktop,21000,7,yes,no,23
APP-02209,USR-01828,2024-04-20,new_user,unemployed,excellent,mobile,24000,1,no,,10
APP-02210,USR-01156,2023-03-24,new_user,self-employed,fair,mobile,15000,2,no,,23
APP-02211,USR-01325,2023-04-20,new_user,employed,good,desktop,27000,7,yes,yes,14
APP-02212,USR-00217,2023-07-09,abandoned_restart,employed,excellent,mobile,32000,1,no,,9
APP-02213,USR-00511,2023-09-08,new_user,unemployed,fair,mobile,12000,5,no,,22
APP-02214,USR-01681,2023-10-18,new_user,employed,fair,mobile,5000,4,no,,38
APP-02215,USR-00500,2023-07-20,new_user,employed,good,desktop,7000,7,yes,no,19
APP-02216,USR-00220,2023-11-22,new_user,self-employed,good,mobile,22000,1,no,,10
APP-02217,USR-01857,2024-05-25,new_user,employed,excellent,desktop,27000,5,no,,4
APP-02218,USR-01389,2024-02-13,rejected_reapply,employed,excellent,mobile,15000,5,no,,3
APP-02219,USR-01520,2024-05-22,abandoned_restart,employed,good,mobile,39000,0,no,,4
APP-02220,USR-01446,2023-03-13,rejected_reapply,employed,fair,desktop,45000,5,no,,29
APP-02221,USR-00243,2023-09-04,rejected_reapply,employed,poor,mobile,35000,2,no,,15
APP-02222,USR-01541,2023-12-10,abandoned_restart,self-employed,fair,mobile,26000,1,no,,1
APP-02223,USR-01218,2023-02-23,new_user,employed,poor,mobile,23000,4,no,,4
APP-02224,USR-01417,2024-06-11,abandoned_restart,self-employed,good,mobile,13000,1,no,,8
APP-02225,USR-00681,2024-06-15,rejected_reapply,unemployed,good,desktop,26000,7,yes,yes,16
APP-02226,USR-00393,2023-07-12,abandoned_restart,self-employed,poor,mobile,3000,5,no,,4
APP-02227,USR-01677,2023-02-27,new_user,employed,excellent,mobile,29000,5,no,,3
APP-02228,USR-01198,2024-03-12,new_user,self-employed,fair,mobile,2000,5,no,,43
APP-02229,USR-01543,2023-04-21,rejected_reapply,employed,good,mobile,28000,1,no,,2
APP-02230,USR-00954,2023-05-09,abandoned_restart,employed,good,mobile,23000,5,no,,4
APP-02231,USR-00751,2023-11-22,second_loan,self-employed,good,tablet,36000,5,no,,27
APP-02232,USR-00235,2023-01-08,new_user,employed,good,desktop,49000,2,no,,14
APP-02233,USR-00733,2023-01-29,new_user,unemployed,poor,mobile,6000,2,no,,10
APP-02234,USR-01239,2023-04-22,new_user,employed,good,mobile,11000,2,no,,21
APP-02235,USR-01157,2023-05-11,abandoned_restart,self-employed,good,tablet,38000,5,no,,33
APP-02236,USR-00636,2023-07-07,new_user,employed,excellent,mobile,34000,7,yes,yes,21
APP-02237,USR-01210,2024-04-19,new_user,unemployed,good,mobile,17000,5,no,,31
APP-02238,USR-01066,2023-12-30,second_loan,employed,good,desktop,3000,7,yes,no,31
APP-02239,USR-00609,2023-07-23,new_user,employed,good,mobile,44000,0,no,,5
APP-02240,USR-01063,2023-07-31,rejected_reapply,employed,excellent,mobile,46000,5,no,,10
APP-02241,USR-01168,2023-10-03,new_user,employed,fair,tablet,34000,7,yes,no,20
APP-02242,USR-01493,2023-03-14,rejected_reapply,employed,good,desktop,22000,7,yes,yes,11
APP-02243,USR-00192,2023-08-31,new_user,employed,good,mobile,29000,1,no,,5
APP-02244,USR-00885,2023-04-12,rejected_reapply,employed,good,mobile,29000,5,no,,4
APP-02245,USR-00144,2023-06-20,rejected_reapply,employed,poor,mobile,5000,4,no,,13
APP-02246,USR-01391,2023-07-07,new_user,employed,good,desktop,10000,7,yes,yes,27
APP-02247,USR-00851,2024-03-16,new_user,self-employed,fair,mobile,10000,1,no,,6
APP-02248,USR-00718,2023-03-27,new_user,self-employed,good,mobile,9000,5,no,,9
APP-02249,USR-01820,2024-04-20,abandoned_restart,self-employed,good,tablet,21000,1,no,,7
APP-02250,USR-00265,2023-02-21,rejected_reapply,self-employed,excellent,mobile,13000,0,no,,1
APP-02251,USR-00076,2023-04-21,new_user,employed,good,mobile,10000,0,no,,1
APP-02252,USR-00396,2023-02-12,abandoned_restart,employed,fair,mobile,38000,1,no,,3
APP-02253,USR-00575,2023-07-30,new_user,employed,fair,mobile,11000,4,no,,31
APP-02254,USR-00135,2023-07-19,rejected_reapply,self-employed,excellent,mobile,4000,7,yes,yes,17
APP-02255,USR-00699,2023-01-26,second_loan,student,fair,tablet,46000,4,no,,7
APP-02256,USR-00397,2023-10-26,new_user,employed,good,desktop,31000,7,yes,yes,20
APP-02257,USR-01366,2023-03-18,new_user,employed,fair,mobile,49000,5,no,,37
APP-02258,USR-00161,2023-05-17,new_user,employed,good,mobile,34000,5,no,,50
APP-02259,USR-01904,2023-01-20,new_user,employed,good,mobile,42000,5,no,,37
APP-02260,USR-00596,2024-03-15,new_user,employed,fair,mobile,35000,5,no,,20
APP-02261,USR-00684,2023-07-30,new_user,employed,fair,mobile,39000,2,no,,11
APP-02262,USR-01297,2024-03-10,new_user,unemployed,excellent,tablet,39000,7,yes,yes,22
APP-02263,USR-01822,2023-07-26,new_user,employed,good,mobile,33000,7,yes,yes,16
APP-02264,USR-00873,2024-03-14,new_user,unemployed,good,mobile,8000,1,no,,1
APP-02265,USR-01549,2023-02-11,new_user,self-employed,excellent,mobile,32000,1,no,,5
APP-02266,USR-00037,2024-02-15,new_user,self-employed,excellent,mobile,33000,1,no,,5
APP-02267,USR-00408,2024-06-06,abandoned_restart,self-employed,fair,mobile,8000,5,no,,8
APP-02268,USR-00416,2024-03-02,abandoned_restart,self-employed,excellent,mobile,46000,5,no,,3
APP-02269,USR-00692,2023-10-02,new_user,self-employed,poor,mobile,14000,4,no,,50
APP-02270,USR-00978,2024-03-23,new_user,self-employed,fair,desktop,34000,2,no,,11
APP-02271,USR-01572,2024-01-04,abandoned_restart,employed,excellent,mobile,8000,5,no,,39
APP-02272,USR-01123,2023-08-08,second_loan,student,fair,mobile,42000,1,no,,6
APP-02273,USR-00438,2023-08-20,new_user,self-employed,fair,mobile,7000,1,no,,10
APP-02274,USR-01893,2023-11-24,new_user,self-employed,fair,desktop,13000,4,no,,47
APP-02275,USR-00676,2024-03-18,new_user,unemployed,good,mobile,21000,5,no,,29
APP-02276,USR-00729,2023-02-21,new_user,employed,good,mobile,47000,2,no,,9
APP-02277,USR-00413,2024-01-11,new_user,employed,good,mobile,32000,7,yes,no,21
APP-02278,USR-01517,2023-09-20,new_user,employed,excellent,desktop,11000,7,yes,yes,19
APP-02279,USR-01650,2023-09-24,abandoned_restart,employed,good,mobile,14000,5,no,,38
APP-02280,USR-00826,2023-12-25,new_user,self-employed,fair,mobile,11000,0,no,,2
APP-02281,USR-00617,2023-11-13,new_user,employed,excellent,mobile,2000,5,no,,40
APP-02282,USR-00115,2023-11-20,new_user,employed,fair,mobile,34000,1,no,,8
APP-02283,USR-00418,2024-02-25,new_user,employed,poor,mobile,44000,5,no,,6
APP-02284,USR-01626,2023-02-15,new_user,employed,poor,mobile,47000,5,no,,7
APP-02285,USR-00776,2023-09-26,new_user,self-employed,good,desktop,17000,1,no,,5
APP-02286,USR-00090,2024-01-16,rejected_reapply,self-employed,poor,desktop,14000,5,no,,8
APP-02287,USR-00646,2023-04-28,new_user,employed,poor,mobile,25000,4,no,,30
APP-02288,USR-00754,2023-04-26,abandoned_restart,employed,fair,mobile,48000,2,no,,13
APP-02289,USR-01631,2023-09-17,rejected_reapply,employed,fair,mobile,27000,5,no,,42
APP-02290,USR-00012,2023-03-16,new_user,employed,good,mobile,8000,5,no,,41
APP-02291,USR-00285,2024-04-24,new_user,employed,excellent,desktop,17000,2,no,,9
APP-02292,USR-01067,2023-11-01,new_user,student,good,tablet,5000,1,no,,10
APP-02293,USR-01192,2023-01-07,rejected_reapply,employed,fair,mobile,12000,5,no,,9
APP-02294,USR-01441,2024-01-01,rejected_reapply,employed,fair,mobile,38000,5,no,,6
APP-02295,USR-01292,2024-06-06,abandoned_restart,employed,excellent,mobile,18000,5,no,,4
APP-02296,USR-01637,2023-12-14,new_user,self-employed,poor,desktop,26000,7,yes,no,23
APP-02297,USR-00957,2024-03-13,abandoned_restart,self-employed,excellent,desktop,31000,7,yes,yes,18
APP-02298,USR-01569,2023-08-03,new_user,self-employed,fair,desktop,37000,4,no,,11
APP-02299,USR-00657,2024-03-04,new_user,employed,excellent,desktop,6000,1,no,,6
APP-02300,USR-01688,2024-05-12,new_user,unemployed,fair,mobile,41000,5,no,,10
APP-02301,USR-00852,2024-06-23,new_user,employed,good,desktop,15000,2,no,,8
APP-02302,USR-00104,2024-01-02,abandoned_restart,employed,good,desktop,42000,5,no,,3
APP-02303,USR-00896,2023-11-09,new_user,employed,good,mobile,49000,7,yes,no,42
APP-02304,USR-00497,2024-06-21,new_user,employed,fair,mobile,26000,5,no,,6
APP-02305,USR-01783,2023-02-23,new_user,unemployed,good,desktop,12000,7,yes,yes,22
APP-02306,USR-00336,2024-06-24,rejected_reapply,unemployed,good,mobile,41000,5,no,,3
APP-02307,USR-00516,2024-04-11,abandoned_restart,employed,poor,desktop,47000,4,no,,22
APP-02308,USR-01349,2023-06-13,new_user,unemployed,poor,desktop,14000,0,no,,7
APP-02309,USR-01016,2023-11-30,new_user,self-employed,good,desktop,1000,5,no,,7
APP-02310,USR-01632,2023-12-14,new_user,unemployed,poor,desktop,17000,7,yes,no,17
APP-02311,USR-01782,2023-09-30,rejected_reapply,employed,good,mobile,33000,5,no,,41
APP-02312,USR-01786,2024-02-18,new_user,employed,fair,desktop,29000,5,no,,38
APP-02313,USR-00171,2024-05-14,new_user,employed,good,mobile,45000,5,no,,34
APP-02314,USR-00357,2023-04-03,new_user,self-employed,fair,mobile,31000,5,no,,5
APP-02315,USR-01758,2023-03-20,new_user,employed,good,mobile,8000,5,no,,49
APP-02316,USR-01313,2023-08-05,rejected_reapply,employed,poor,mobile,30000,5,no,,24
APP-02317,USR-01636,2023-12-24,new_user,employed,poor,mobile,13000,2,no,,14
APP-02318,USR-00551,2024-05-21,new_user,employed,poor,tablet,16000,5,no,,6
APP-02319,USR-00349,2023-06-30,new_user,self-employed,excellent,mobile,2000,5,no,,47
APP-02320,USR-01228,2023-09-03,new_user,unemployed,poor,mobile,45000,1,no,,8
APP-02321,USR-00453,2023-09-01,rejected_reapply,self-employed,good,mobile,18000,2,no,,6
APP-02322,USR-00958,2024-05-20,new_user,unemployed,poor,mobile,35000,7,yes,yes,16
APP-02323,USR-01774,2024-02-26,rejected_reapply,employed,poor,desktop,45000,4,no,,44
APP-02324,USR-00684,2023-11-16,abandoned_restart,employed,good,mobile,19000,5,no,,35
APP-02325,USR-01009,2023-03-28,new_user,employed,good,desktop,13000,7,yes,yes,14
APP-02326,USR-01093,2023-08-05,new_user,employed,excellent,desktop,4000,5,no,,30
APP-02327,USR-01244,2024-05-04,new_user,employed,excellent,mobile,19000,5,no,,4
APP-02328,USR-00997,2024-06-02,abandoned_restart,self-employed,good,desktop,50000,1,no,,5
APP-02329,USR-01680,2023-10-05,new_user,employed,good,mobile,25000,5,no,,6
APP-02330,USR-00154,2023-06-18,new_user,self-employed,good,mobile,38000,1,no,,3
APP-02331,USR-00176,2023-11-26,new_user,employed,fair,desktop,31000,5,no,,20
APP-02332,USR-00581,2024-03-16,abandoned_restart,employed,excellent,desktop,36000,7,yes,yes,13
APP-02333,USR-01471,2024-01-26,new_user,employed,good,mobile,4000,5,no,,11
APP-02334,USR-00704,2024-05-10,new_user,employed,good,mobile,39000,0,no,,7
APP-02335,USR-01213,2024-01-16,new_user,employed,fair,mobile,7000,5,no,,9
APP-02336,USR-00897,2023-11-02,new_user,employed,poor,mobile,16000,5,no,,10
APP-02337,USR-00488,2024-05-27,rejected_reapply,employed,excellent,tablet,48000,5,no,,54
APP-02338,USR-00560,2023-07-07,new_user,employed,fair,mobile,5000,5,no,,28
APP-02339,USR-01142,2024-05-30,rejected_reapply,employed,good,mobile,47000,5,no,,7
APP-02340,USR-01120,2024-03-02,abandoned_restart,self-employed,poor,desktop,23000,7,yes,no,30
APP-02341,USR-00513,2024-05-16,new_user,self-employed,excellent,mobile,36000,5,no,,41
APP-02342,USR-00634,2023-09-17,abandoned_restart,employed,poor,mobile,32000,5,no,,31
APP-02343,USR-01082,2024-05-27,new_user,self-employed,excellent,tablet,24000,5,no,,21
APP-02344,USR-01665,2023-03-12,new_user,self-employed,poor,desktop,25000,1,no,,8
APP-02345,USR-01013,2024-04-22,abandoned_restart,self-employed,excellent,desktop,45000,5,no,,7
APP-02346,USR-00701,2023-06-27,new_user,employed,good,mobile,28000,7,yes,yes,29
APP-02347,USR-01151,2024-04-01,abandoned_restart,employed,fair,desktop,19000,5,no,,52
APP-02348,USR-01854,2023-07-08,new_user,self-employed,good,mobile,7000,2,no,,6
APP-02349,USR-00117,2023-10-18,rejected_reapply,employed,fair,mobile,44000,5,no,,51
APP-02350,USR-00741,2024-06-03,new_user,unemployed,fair,tablet,41000,7,yes,yes,26
